"Lab Title","Objective","Command Summary","Task Headers"
"Configuration Demo 1","Configure Router1, Router2, and Router3 so that every host in the topology can ping every other host. Switch1, Switch2, Switch3, and all six hosts have already been configured.
Lab Topology
    
    The lab topology displays information about the network devices in the lab.  When you load a lab in NetSim, there are several ways in which you can access devices in the currently active topology. The Devices pane displays all of the active devices in a specific lab, and you can choose whether to open each console device within the current browser by clicking the Console icon () or in a new window by clicking the New Window icon (). Alternatively, you can select the Topology tab and double-click on a device or select View from the menu, hover over Devices, and select the appropriate device.The topology for this lab contains five networks: the 203.0.113.0/30 and 203.0.113.4/30 wide area networks (WANs) that connect Router2 to Router1 and Router 3, the 192.168.10.0/24 local area network (LAN) that connects Host1 and Host2 to the FastEthernet 0/0 interface of Router1, the 192.168.20.0/24 LAN that connects Host3 and Host4 to the FastEthernet 0/0 interface of Router2, and the 192.168.30.0/24 LAN that connects Host5 and Host6 to the FastEthernet 0/0 interface of Router3. Enhanced Interior Gateway Routing Protocol (EIGRP) is used to exchange routing table updates between Router2 and the other two routers.","Command
      Description
     
    
    
     
      configure terminal
      enters global configuration mode from privileged EXEC mode
     
     
      enable
      enters privileged EXEC mode
     
     
      end
      ends and exits configuration mode
     
     
      exit
      exits one level in the menu structure
     
     
      hostname host-name
      sets the device name
     
     
      interface type number
      changes from global configuration mode to interface configuration mode
     
     
      ip address ip-address subnet mask
      assigns an Internet Protocol (IP) address to an interface
     
     
      network network-address wildcard-mask
      activates the specified routing protocol on the specified network
     
     
      ping ip-address
      sends an Internet Control Message Protocol (ICMP) Echo Request to the specified address
     
     
      router eigrp autonomous-system-number
      enters router configuration mode for EIGRP
     
     
      show ip route
      displays the IP routing table
     
     
      show running-config
      displays the active configuration file
     
     
      shutdown; no shutdown
      disables an interface; enables an interface
The IP addresses and subnet masks used in this lab are shown in the tables below:","Task 1: Configure Router LAN Interfaces | Task 2: Configure Router WAN Interfaces | Task 3: Configure EIGRP | Task 4: Verify Network Connectivity"
"Using NetSim Online","Learn to save and reload configurations from within NetSim. Configure Router1 with the appropriate settings.
Lab Topology
    
    
     The lab topology displays information about the network devices in the lab. The topology in this lab contains three 2800 series Cisco routers.","The command summary contains a list of commands that are pertinent to the lab. You should review the list of commands before performing the steps in the lab.
Command
      Description
     
    
    
     
      configure terminal
      enters global configuration mode from privileged EXEC mode
     
     
      enable
      enters privileged EXEC mode
     
     
      end
      ends and exits configuration mode
     
     
      exit
      exits one level in the menu structure
     
     
      hostname host-name
      sets the device name
Lab Tasks
    
    
     Task 1: Configure the Router
    
    
     This task involves entering a few basic commands to prepare for saving and loading configurations. You do not need to understand what the commands mean at this point, because each command will be covered in more detail in other NetSim labs.
     If you want to access a console session for a device in an active lab’s topology, you can select the device from the Devices pane. For example, you can click one of the icons next to Router2 on the Devices pane to view the console in either a local tab or a new tab.
    
    
     
    
    
     In addition, you can click the Topology tab to display the network topology for the lab. When the lab topology is displayed, you can double-click a device to display that device’s console locally.
    
    
     
      
       When the lab has finished loading, you can begin examining the topology. Open the console of Router1 by using one of the methods described above. Click inside the Router1 console window, and press the Enter key. 
      
       Router>
      
      At the start of any NetSim lab, left-click inside the command-line interface (CLI) window and press Enter to begin working with the device.
      When you first connect to a Cisco device (either in a live network environment or in NetSim), the device is waiting for your first keystroke. Pressing Enter causes the following actions:
      
       Signals to the CLI that you're ready to start
       Triggers the device to display any login or banner messages
       Synchronizes your terminal session with the device
      
      The prompt will not appear and commands will not be accepted until you press Enter.
      
     
     
      
       To practice using the saving and loading features of NetSim, you will first configure a host name so that you have a configuration to save and load. At the
      Router> prompt, type the command enable and press Enter.
      
       Router>enable 
       Router#
      
      
     
     
      
       At the
      Router# prompt, type the configure terminal command and press Enter.
      
       Router#configure terminal 
       Router(config)#
      
      
     
     
      
       At the
      Router(config)# prompt, type the hostname Router1 command and press Enter.
      
       Router(config)#hostname Router1 
       Router1(config)#
      
      
     
     
      
       If the prompt displayed is
      Router1(config)#, you have successfully completed this task.
      
     
     
      
       To grade a lab you have completed, click the Grade button () in the toolbar. A new tab will open that displays a summary of your results. You can then click on each device tab to view a comparison between the commands you issued for that device and the required commands to grade correctly.
       Devices that have missing or extra commands will display a red X beside the device name in the tab. Devices on which all commands have been issued correctly will display a green checkmark beside the device name in the tab.
      
     
     
      
       To return to a lab so that you can continue working after grading, click Resume Lab on the right side of the toolbar.
      
     
    
    
     Task 2: Save a Configuration, and then Load the Configuration
    
    
     This task introduces you to saving configuration files while using NetSim. Labs are not saved automatically while you work. Saving labs prevents you from losing work when NetSim times out after a period of inactivity.
    
    
     
      
       NetSim provides built-in support for saving device configurations. Click the File button () in the toolbar, then click Save As to save your changes to Router1’s configuration. If, during one NetSim session, you configured multiple devices, this action would save all of those configurations. The file will be saved with the *.lab extension.
      
     
     
      
       You can load the saved lab with the configurations you have performed by clicking File > Open and selecting the file, or you can start the lab from the beginning by reloading the Using NetSim lab from the lab tree.
      
     
     
      
       Practice loading the configurations you performed in the lab by loading the file you saved. To accomplish this, click File > Open in the toolbar and navigate to the file that you saved in Step 1 of this task.
       NetSim will load the configuration from the *.lab file you created and will execute all the commands that were saved for Router1 in that file. When the loading process completes, press Enter to see that Router1’s host name is Router1.
Sample Configuration Script
    
    
     
      
       Router1
      
     
     
      
       
        
         Router1#show running-config 
         Building configuration...
         Current configuration : 695 bytes
         !
         Version 15.b
         service timestamps debug uptime
         service timestamps log uptime
         no service password-encryption
         !
         hostname Router1
         !
         ip subnet-zero
         !
         ip cef
         no ip domain-lookup
         !
         interface Serial0/0/0
          no ip address
          no ip directed-broadcast
          shutdown
         !
         interface Serial0/0/1
          no ip address
          no ip directed-broadcast
          shutdown
         !
         interface FastEthernet0/0
          no ip address
          no ip directed-broadcast
          shutdown
         !
         interface FastEthernet0/1
          no ip address
          no ip directed-broadcast
          shutdown
         !
         ip classless
         no ip http server
         !
         line con 0
         line aux 0
         line vty 0 4
         !
         no scheduler allocate
         end
Copyright © 1996 - 2026 Boson Software, LLC. All rights reserved. NetSim software and documentation are protected by copyright law.","Task 1: Configure the Router | Task 2: Save a Configuration, and then Load the Configuration"
"Explore Cisco Devices","In this lab, you will learn how to interpret a network topology diagram. You will also learn how to navigate the Cisco IOS. The routers, switches, servers, and laptops in this lab have already been configured.","Command
      Description
     
    
    
     
      configure terminal
      enters global configuration mode from privileged EXEC mode
     
     
      enable
      enters privileged EXEC mode
     
     
      end
      ends and exits configuration mode
     
     
      exit
      exits one level in the menu structure
     
     
      interface type number
      changes from global configuration mode to interface configuration mode
     
     
      show clock
      displays the system clock
     
     
      show history
      displays the session command history
     
     
      show version
      displays the system hardware version and software status
The IP addresses and subnet masks used in this lab are shown in the tables below:","Task 1: Learn About Network Topology Diagrams | Task 2: Navigate the Cisco IOS"
"Router Basics","In this lab, you will learn the basic operation of a router. A router is used to forward packets between computer networks. Routers create separate broadcast domains. Each device that is connected to a router resides in a separate broadcast domain. In this lab, you will explore these concepts and learn how routers enable separate networks to communicate with each other.
     No routing protocols, static routes, or default gateways have been configured on the routers in this lab.","Command
      Description
     
    
    
     
      ping ip-address
      sends an Internet Control Message Protocol (ICMP) Echo Request to the specified address
     
     
      show ip route
      displays the routing table
The IP addresses and subnet masks used in this lab are shown in the tables below:","Task 1: Explore a Broadcast Domain | Task 2: Explore a Router’s Role in a Broadcast Domain | Task 3: Exploring How a Router Forwards Packets"
"Switch Basics","In this lab, you will learn the basic operation of a switch. Switches provide network connectivity to endpoint devices. Switches can operate at Layer 2 or Layer 3. Layer 2 switches use the Media Access Control (MAC) addresses of data recipients to deliver frames, whereas Layer 3 switches add routing functionality. In this lab, you will explore these concepts and learn how switches forward information between endpoint devices.","Command
      Description
     
    
    
     
      enable
      enters privileged EXEC mode
     
     
      ping ip-address
      sends an Internet Control Message Protocol (ICMP) Echo Request to the specified address
     
     
      ipconfig /all
      is used in NetSim to display the Internet Protocol (IP) addresses and MAC address on a workstation 
     
     
      show ip arp
      displays the IP Address Resolution Protocol (ARP) table
     
     
      show mac-address-table
      displays the MAC address forwarding table
The IP addresses and subnet masks used in this lab are shown in the tables below:","Task 1: Explore Layer 2 Switching in a Broadcast Domain | Task 2: Explore Layer 3 Switching in a Broadcast Domain"
"Configure a Cisco Device","In this lab, you will learn how to configure a Cisco IOS device from an unconfigured state. You will configure both Cisco IOS routers and Layer 2 Cisco IOS switches for basic connectivity to the network. You will configure two devices manually. You will also configure two devices by using the System Configuration Dialog. The servers and laptops in this lab have already been configured. In addition, the Layer 3 switch has already been configured.","Command
      Description
     
    
    
     
      configure terminal
      enters global configuration mode from privileged EXEC mode
     
     
      copy running-config startup-config
      saves the configuration file
     
     
      enable
      enters privileged EXEC mode
     
     
      enable password password
      sets the enable password
     
     
      enable secret password
      sets the enable secret password
     
     
      end
      ends and exits configuration mode
     
     
      exit
      exits one level in the menu structure
     
     
      hostname host-name
      sets the device name
     
     
      interface type number
      changes from global configuration mode to interface configuration mode
     
     
      ip address ip-address subnet-mask
      assigns an IP address and subnet mask to an interface
     
     
      line vty 0 15
      enters configuration mode for the specified virtual terminal (VTY) lines
     
     
      login
      enables password checking
     
     
      password password
      specifies the password that is required for a user to log in
     
     
      ping ip-address
      sends an Internet Control Message Protocol (ICMP) Echo Request to the specified address
     
     
      reload
      reboots the router
     
     
      show running-config
      displays the active configuration file
     
     
      show startup-config
      displays the backup configuration file
     
     
      shutdown; no shutdown
      disables an interface; enables an interface
The IP addresses and subnet masks used in this lab are shown in the tables below:","Task 1: Configure a Cisco Router by Using the System Configuration Dialog | Task 2: Configure a Cisco Switch by Using the System Configuration Dialog | Task 3: Manually Configure a Cisco Router and Switch"
"Interpret Interface Errors","In this lab, you will learn how to interpret interface errors, including shutdown interfaces, duplex mismatches, and speed mismatches. You will also learn how to interpret the output of the show interfaces command. The switches and computers in this lab have already been configured.","Command
      Description
     
    
    
     
      configure terminal
      enters global configuration mode from privileged EXEC mode
     
     
      copy running-config startup-config
      saves the configuration file
     
     
      duplex {auto | full | half}
      configures the duplex of an interface
     
     
      enable
      enters privileged EXEC mode
     
     
      end
      ends and exits configuration mode
     
     
      exit
      exits one level in the menu structure
     
     
      interface type number
      changes from global configuration mode to interface configuration mode
     
     
      ping ip-address
      sends an Internet Control Message Protocol (ICMP) Echo Request to the specified address
     
     
      show interfaces type number
      display the interface status and configuration for an interface
     
     
      show interfaces status
      display the line status for all interfaces
     
     
      shutdown; no shutdown
      disables an interface; enables an interface
     
     
      speed {10 | 100 | auto}
      configures the speed of an interface
The IP addresses and subnet masks used in this lab are shown in the table below:","Task 1: Troubleshoot Shut-down Interfaces | Task 2: Troubleshoot Duplex Mismatches | Task 3: Troubleshoot Speed Mismatches"
"Configure Global IPv4 Addressing","In this lab, you will learn about global unicast Internet Protocol version 4 (IPv4) addressing. IP is a routed protocol and a logical addressing method that operates at the Network layer of the Open Systems Interconnection (OSI) model. IPv4 supports unicast, multicast, and broadcast addressing of packets. Global unicast IPv4 addresses are routable over the Internet. In this lab, you will configure global unicast IPv4 addressing on world-facing devices. The IPv4 addressing ranges used in this lab are reserved and typically used for demonstration and documentation only. For this lab, these ranges will be treated as Internet-routable ranges.","Command
      Description
     
    
    
     
      configure terminal
      enters global configuration mode from privileged EXEC mode
     
     
      enable
      enters privileged EXEC mode
     
     
      end
      ends and exits configuration mode
     
     
      exit
      exits one level in the menu structure
     
     
      interface type number
      changes from global configuration mode to interface configuration mode
     
     
      ip address ip-address subnet-mask
      assigns an IP address and subnet mask to an interface
     
     
      ipconfig /dg ip-address
      is used in NetSim to assign a default gateway IP address to a workstation interface
     
     
      ipconfig /ip ip-address subnet-mask
      is used in NetSim to assign an IP address and subnet mask to a workstation interface
     
     
      ip routing
      enables IPv4 routing capabilities on a router or Layer 3 switch
     
     
      ping ip-address
      sends an Internet Control Message Protocol (ICMP) Echo Request to the specified address
     
     
      shutdown; no shutdown
      disables an interface; enables an interface
     
     
      no switchport
      disables Layer 2 switching on a switchport and allows the configuration of Layer 3 network addresses on the port
The IP addresses and subnet masks used in this lab are shown in the tables below:","Task 1: Explore Global IPv4 Addressing | Task 2: Configure Global IPv4 Addressing"
"Configure RFC 1918 IP Addressing","In this lab, you will learn about Internet Protocol version 4 (IPv4) addressing by using ranges defined by Request for Comments (RFC) 1918. IP is a routed protocol and a logical addressing method that operates at the Network layer of the Open Systems Interconnection (OSI) model. IPv4 supports unicast, multicast, and broadcast addressing of packets. Unlike other IPv4 address ranges, RFC 1918 IPv4 addresses are not routable over the Internet. In this lab, you will configure an RFC 1918 IPv4 address range on devices that should not directly access the Internet.","Command
      Description
     
    
    
     
      configure terminal
      enters global configuration mode from privileged EXEC mode
     
     
      enable
      enters privileged EXEC mode
     
     
      end
      ends and exits configuration mode
     
     
      interface type number
      changes from global configuration mode to interface configuration mode
     
     
      ip address ip-address subnet-mask
      assigns an IP address and subnet mask to an interface
     
     
      ipconfig /dg ip-address
      is used in NetSim to assign a default gateway IP address to a workstation interface
     
     
      ipconfig /ip ip-address subnet-mask
      is used in NetSim to assign an IP address and subnet mask to a workstation interface
     
     
      no switchport
      disables Layer 2 switching on a switchport and allows the configuration of Layer 3 network addresses on the port
     
     
      ping ip-address
      sends an Internet Control Message Protocol (ICMP) Echo Request to the specified address
The IP addresses and subnet masks used in this lab are shown in the tables below:","Task 1: Explore RFC 1918 IPv4 Addressing | Task 2: Configure RFC 1918 IPv4 Addressing"
"Subnet an IPv4 Network","Subnetting is a technique used to divide a network into smaller subnetworks. In this lab, you will learn how to subnet a network. You will also practice subnetting a network into a series of smaller networks.","Command
      Description
     
    
    
     
      configure terminal
      enters global configuration mode from privileged EXEC mode
     
     
      enable
      enters privileged EXEC mode
     
     
      end
      ends and exits configuration mode
     
     
      exit
      exits one level in the menu structure
     
     
      interface type number
      changes from global configuration mode to interface configuration mode
     
     
      ip address ip-address subnet-mask
      assigns an IP address and subnet mask to an interface
     
     
      ipconfig /dg ip-address
      is used in NetSim to assign a default gateway IP address to a workstation interface
     
     
      ipconfig /ip ip-address subnet-mask
      is used in NetSim to assign an IP address and subnet mask to a workstation interface
     
     
      no switchport
      disables Layer 2 switching on a switchport and allows the configuration of Layer 3 network addresses on the port
     
     
      ping ip-address
      sends an Internet Control Message Protocol (ICMP) Echo Request to the specified address
     
     
      shutdown; no shutdown
      disables an interface; enables an interface
The IP addresses and subnet masks used in this lab are not provided because you are tasked with calculating them.
Lab Tasks
    
    
     Task 1: Explore Subnetting
    
    
     Subnet masks define the range of an Internet Protocol (IP) addresses available to a network. Similar to IP version 4 (IPv4) addresses, subnet masks are represented in dotted decimal notation, which is a way of expressing a binary number as a group of decimal numbers. For example, the subnet mask of 255.255.255.192 is written in dotted decimal notation. In this task, you will explore subnetting and the process of calculating the subnet mask.
    
    
     
      
       To determine the subnetwork address range of a given IP address/subnet mask combination, you must first identify the interesting octet within the subnet mask. The interesting octet is the first octet that contains a decimal value other than 255 or 0. Based on this information, what is the interesting octet if you were to configure a device with an IP address of 192.0.2.83 with a 255.255.255.192 subnet mask?
      
     
     
      
       Once the interesting octet has been identified, you can determine the network numbers by using the weight of the least significant bit, or the rightmost bit, in the interesting octet that is set to 1. Another way to determine the network numbers is to simply subtract the decimal value of the interesting octet from 256. In what multiples will the network be arranged when using a subnet mask of 255.255.255.192?
      
     
     
      
       After you determine the number of networks that can be created by a subnet, you should determine the number of hosts, or unique IP addresses, that each possible network can support. To determine the number of hosts, you should use the 2n – 2 formula, where n is the number of bits in the subnet mask that are equal to 0. Based on this information, how many hosts could the 192.0.2.0 network support when combined with a subnet mask of 255.255.255.192?
      
     
     
      
       Beginning with the network address of 192.0.2.0, what are all the possible network addresses for subnets in the IP address range from 192.0.2.0 through 192.0.2.255 if you equally divided the range by using a subnet mask of 255.255.255.192?
      
     
     
      
       Imagine you were allocated the range of IP addresses from 192.0.2.0 through 192.0.2.255 and you subnetted the range by using the subnet mask of 255.255.255.192. How many networks would the range support if you further subnetted the first network by using a subnet mask of 255.255.255.240?
      
     
    
    
     Task 2: Subnet and Configure an IP Address Range
    
    
     In this task, you will use what you have learned about subnetting to subnet and configure the Request for Comments (RFC) 1918 IPv4 address range of 10.10.10.32/27 on each device. When your work is complete, the devices connected to Switch1 should reside on a private subnet that is separate from the devices connected to Switch2.
    
    
     
      
       If you were to assign IP addresses directly from the 10.10.10.32/27 network, what subnet mask would you use?
      
     
     
      
       Based on the topology, how many total IP addresses will you need to configure for every Layer 3–enabled physical interface as well as the virtual local area network (VLAN) interfaces on Switch1 and Switch2?
      
     
     
      
       A Layer 3 device that is configured with more than one interface typically requires that each interface reside on a unique subnet. Based on this information and the topology, how many subnets do you think you will require to complete the configuration?
      
     
     
      
       If you were to divide the 10.10.10.32/27 network into subnets of equal IP address counts, would you have enough networks and assignable IP addresses to complete the configuration? If not, why not?
      
     
     
      
       Divide the 10.10.10.32/27 network into two equal subnets. What are the addresses and subnet masks of the two new subnets?
      
     
     
      
       Beginning with the first IP address in the 10.10.10.32/28 range, create a subnet that contains only enough assignable IP addresses to configure the connection between Router1 and Router2. What is the address and subnet mask of the new subnet?
      
     
     
      
       On Router1, configure the FastEthernet 0/0 interface with the first assignable IP address in the 10.10.10.32/30 subnet and enable the interface.
      
     
     
      
       On Router2, configure the FastEthernet 0/0 interface with the second assignable IP address in the 10.10.10.32/30 subnet and enable the interface.
      
     
     
      
       On Router1, configure the FastEthernet 1/0 interface with the first assignable IP address in the 10.10.10.36/30 subnet and enable the interface.
      
     
     
      
       On Switch3, disable Layer 2 switching on the FastEthernet 0/11 interface and configure the interface with the second IP address in the 10.10.10.36/30 subnet.
      
     
     
      
       On Router2, configure the FastEthernet 1/0 interface with the first assignable IP address in the 10.10.10.40/30 subnet and enable the interface.
      
     
     
      
       On Switch3, disable Layer 2 switching and on the FastEthernet 0/10 interface and configure the interface with the second assignable IP address in the 10.10.10.40/30 subnet.
      
     
     
      
       Based on what you have configured so far, how many more /30 networks can be obtained from the 10.10.10.32/28 range? Are there enough IP addresses in the 10.10.10.32/28 range to complete the rest of the configuration?
      
     
     
      
       Based on the topology, how many subnets remain to be configured? How many subnets remain available for your use from the original 10.10.10.32/27 allocation?
      
     
     
      
       Divide the 10.10.10.48/28 subnet into two equal subnets. How many IP addresses can you assign from each of the new subnets? Are there enough subnets and assignable IP addresses to complete the configuration?
      
     
     
      
       On Switch3, disable switching on the FastEthernet 0/0 interface and then configure the interface with the first IP address in the 10.10.10.48/29 range.
      
     
     
      
       On Switch1, configure the VLAN1 interface with the second IP address in the 10.10.10.48/29 range. How many assignable IP addresses remain in the range?
      
     
     
      
       On www and ftp, configure the third and fourth IP addresses in the 10.10.10.48/29 range, respectively. Assign each device a default gateway that matches the IP address you assigned to Switch3’s FastEthernet 0/0 interface.
      
     
     
      
       From www, ping the IP address you assigned to Switch3’s FastEthernet 0/0 interface. Does the ping succeed? Why or why not?
      
     
     
      
       On Switch3, disable switching on the FastEthernet 0/1 interface and then configure the interface with the first IP address in the 10.10.10.56/29 range.
      
     
     
      
       On Switch2, configure the VLAN1 interface with the second IP address in the 10.10.10.56/29 range.
      
     
     
      
       On Web Admin, Sales, and Accounting, configure the third, fourth, and fifth IP addresses in the 10.10.10.56/29 range, respectively. Assign each device a default gateway that matches the IP address you assigned to Switch3’s FastEthernet 0/1 interface.
      
     
     
      
       From Web Admin, ping the IP address you assigned to Switch3’s FastEthernet 0/1 interface to confirm that it succeeds. How many assignable IP addresses remain in the 10.10.10.56/29 range?
      
     
     
      
       Based on your subnetting work and the completed configuration, how many of the subnets you created remain unused?
Once you have completed this lab, be sure to check your work by using the grading function. You can do so by clickingGradefrom the menu bar.
Lab Solutions
    
    
     Task 1: Explore Subnetting
    
    
     
      
       If you configure a device with an IP address of 192.0.2.83 with a 255.255.255.192 subnet mask, the interesting octet is the fourth octet in the subnet mask, which is 192. This is because it is the first octet in the subnet mask that is not a 255 or 0.
      
     
     
      
       A subnet mask of 255.255.255.192 creates networks that are arranged in multiples of 64. Therefore, each network created by the 255.255.255.192 subnet mask has a range of 64 IP addresses, although not all of them are usable. You can obtain this value by identifying the decimal value of the least significant bit in the interesting octet. The binary equivalent of 192 is 11000000. Each bit in a binary octet has a decimal value. The leftmost bit has a value of 128. The values are then halved for each subsequent bit in the octet. The eighth bit has a decimal value of 1. You can also subtract the decimal value of the interesting octet from 256 to obtain this value because 256 – 192 = 64. Therefore, the least significant bit represents a decimal value of 64, as shown in the following table:
      
       
        
         Value
         128
         64
         32
         16
         8
         4
         2
         1
        
        
         Bit
         1
         1
         0
         0
         0
         0
         0
         0
        
       
      Subnetted networks can also be represented by Classless Inter-Domain Routing (CIDR) notation, which is the network address or an IP address within the subnet followed by a slash (/) and a value that represents a simple count of the network bits in the subnet mask. Network bits are always 1. Host bits, which represent the number of unique IP addresses in the range, are always 0.
      To obtain a count of the subnet bits, first convert the subnet mask to binary format and then count the number of 1s in the mask. For example, a subnet mask of 255.255.255.192 converts to a binary subnet mask of 11111111.11111111.11111111.11000000. There are 26 network bits in the binary subnet mask. Therefore, you can represent the network address of 192.0.2.0 on a subnet defined by the 255.255.255.192 subnet mask as 192.0.2.0/26.
      
     
     
      
       The 192.0.2.0 network can support up to 62 hosts when combined with a subnet mask of 255.255.255.192. Based on the binary subnet mask of 11111111.11111111.11111111.11000000, you can determine that there are six host bits in the subnet mask. Using the 2n – 2 formula, where n is the number of bits in the subnet mask that are equal to 0, the formula can then be solved as follows:
       hosts = 26 – 2
       hosts = (2 × 2 × 2 × 2 × 2 × 2) – 2
       hosts = 64 – 2
       hosts = 62
      
     
     
      
       If you subnet the range of IP addresses from 192.0.2.0 through 192.0.2.255 with a subnet mask of 255.255.255.192, the following are the network addresses:
       192.0.2.0
       192.0.2.64
       192.0.2.128
       192.0.2.192
       The network address is always the first IP address in the subnet range. The broadcast address is always the last IP address in the subnet range. Because the first IP address in the entire range being subnetted is 192.0.2.0, this IP address is also the network address of the subnetted network.
       The 62 assignable IP addresses in the range defined by 255.255.255.192 immediately follow the network address. Therefore, the assignable IP address range of the first subnet is from 192.0.2.1 through 192.0.2.62.
       The final IP address in a subnet is reserved as the broadcast address. Thus, the first subnet in this scenario has a broadcast address of 192.0.2.63. The next IP address in the original range is thus the network address for the next subnet defined by the 255.255.255.192 subnet mask.
      
     
     
      
       If you further subnetted the first subnet in the IP address range initially defined by the subnet mask of 255.255.255.192 by using a new subnet mask of 255.255.255.240, you would then obtain a total of seven possible networks from the original range of 192.0.2.0 through 192.0.2.255.
       The 255.255.255.240 subnet mask converts to a binary subnet mask of 11111111.11111111.11111111.11110000. The interesting octet is thus the fourth octet, which has a binary value of 11110000. Based on this, you can use the bit value table to determine that a subnet that has a mask of 255.255.255.240 can be divided into 16 possible networks.
       However, each 255.255.255.240 subnet contains 24 – 2 hosts, which is 14 hosts in a network of 16 total IP addresses. The 255.255.255.192 subnet that you are further subnetting contains only 64 IP addresses. If you divide those 64 IP addresses by the 16 IP addresses supported in the new subnet, you can determine that the new subnet creates a total of four possible networks:
       192.0.2.0 – 192.0.2.15
       192.0.2.16 – 192.0.2.31
       192.0.2.32 – 192.0.2.47
       192.0.2.48 – 192.0.2.63
       Each of these networks is comprised of 16 IP addresses, 14 of which are assignable to hosts. Because you only subnetted the 192.0.2.0 subnet from the 255.255.255.192 ranges, three other subnets comprised of 64 total and 62 assignable IP addresses are still available:
       192.0.2.64 – 192.0.2.127
       192.0.2.128 – 192.0.2.191
       192.0.2.192 – 192.0.2.255
      
     
    
    
     Task 2: Subnet and Configure an IP Address Range
    
    
     
      
       If you were to assign IP addresses directly from the 10.10.10.32/27 network, you would use a subnet mask of 255.255.255.224. The CIDR notation of /27 can be converted to a binary subnet mask of 11111111.11111111.11111111.11100000 because there are 27 network bits. Network bits are always set to 1. The binary subnet mask can then be converted into dotted decimal notation by adding the decimal values of each network bit in each octet. When all eight bits are network bits, the decimal value of the octet is 255. In the fourth octet, only the bits with decimal values of 128, 64, and 32 are network bits. Therefore, the fourth octet has a decimal value of 128 + 64 + 32, which is 224.
      
     
     
      
       There are two VLAN interfaces in the topology, one on Switch1 and one on Switch2. Router1 and Router2 each have two Layer 3 interfaces. Switch3, which is a Layer 3 switch, has four Layer 3 interfaces. Finally, there are five host devices that require one Layer 3 network address each. Therefore, you need a total of 15 IP addresses to complete the configuration.
      
     
     
      
       The topology will require five unique subnets to complete the configuration. The following connections should each be configured on a unique subnet:
       The connection between Router1 and Router2
       The connection between Router1 and Switch3
       The connection between Router2 and Switch3
       The connection between Switch3 and the network that resides on Switch1
       The connection between Switch3 and the network that resides on Switch2
      
     
     
      
       If you were to divide the 10.10.10.32/27 network into subnets that contain equal IP address counts, you would not have enough networks and assignable IP addresses to complete the configuration.
       The 10.10.10.32/27 subnet can be further subnetted into two networks of 14 assignable IP addresses, four networks of six assignable IP addresses, or eight networks of two assignable IP addresses.
       A /27 subnet is one subnet of 30 IP addresses. Because five separate subnets are required, you need at least five subnets to complete the configuration. At least one of those subnets requires five assignable IP addresses. Therefore, no matter what subnetting you choose, you will either not have enough subnets or not have enough IP addresses in each subnet to complete the configuration.
       In order to efficiently use the 10.10.10.32/27 range to configure the topology, you will need to divide the range into unequal subnets.
      
     
     
      
       If you divide the 10.10.10.32/27 network into two equal subnets, the network addresses would be 10.10.10.32/28 and 10.10.10.48/28. A /28 subnet converts to a subnet mask of 255.255.255.240, which contains four host bits. Using the 2n – 2 formula, you can determine that each of the new subnets is comprised of 16 IP addresses, 14 of which are assignable.
      
     
     
      
       Beginning with the first IP address in the 10.10.10.32/28 range, you can create a subnet that contains only enough assignable IP addresses to configure the connection between Router1 and Router2 by incrementing the CIDR notation value twice so that the new subnets are all /30 subnets.
       Incrementing the CIDR notation divides the original subnet in half. Therefore, a /29 subnet is comprised of eight IP addresses with six assignable addresses. A /30 subnet is comprised of four IP addresses with two assignable addresses. Therefore, the new /30 subnet you create from 10.10.10.32/28 has a network address of 10.10.10.32 and a broadcast address of 10.10.10.35.
       To determine the dotted decimal subnet mask, you should first convert the /30 CIDR notation to its dotted binary subnet mask equivalent, which is 11111111.11111111.11111111.11111100. Based on the binary subnet mask, you can determine that the first three octets of the new subnet mask are 255.255.255.
       If you use the bit value table to calculate the decimal value of the fourth octet, the sum of 128 + 64 + 32 + 16 + 8 + 4 is 252. Therefore, the dotted decimal subnet mask for a /30 network is 255.255.255.252.
      
     
     
      
       The first assignable IP address in the 10.10.10.32/30 network is 10.10.10.33. On Router1, you should issue the following commands to configure the FastEthernet 0/0 interface with the first assignable IP address in the 10.10.10.32/30 subnet and enable the interface:
       
        Router1>enable
        Router1#configure terminal
        Router1(config)#interface fastethernet 0/0
        Router1(config-if)#ip address 10.10.10.33 255.255.255.252
        Router1(config-if)#no shutdown
        00:23:56: %LINK-3-UPDOWN: Interface FastEthernet0/0, changed state to up
        00:23:56: %LINEPROTO-5-UPDOWN: Line protocol on Interface FastEthernet0/0, changed state to up
        00:24:02: %LINK-3-UPDOWN: Interface FastEthernet0/0, changed state to down
        00:24:02: %LINEPROTO-5-UPDOWN: Line protocol on Interface FastEthernet0/0, changed state to down
       
       The enable command places the router in privileged EXEC mode. The configure terminal command places the router into global configuration mode. The interface fastethernet 0/0 command places the router into interface configuration mode for the FastEthernet 0/0 interface. The ip address 10.10.10.33 255.255.255.252 command configures the FastEthernet 0/0 interface with an IP address of 10.10.10.33 and a subnet mask of 255.255.255.252. Finally, the no shutdown command enables the interface.
       You should notice that the interface transitions to the down/down state after you enable it. This is because the interface on Router2 to which it is directly connected has not been configured yet.
      
     
     
      
       The second, and last, assignable IP address in the 10.10.10.32/30 network is 10.10.10.34. On Router2, you should issue the following commands to configure the FastEthernet 0/0 interface with the second assignable IP address in the 10.10.10.32/30 subnet and enable the interface:
       
        Router2>enable
        Router2#configure terminal
        Router2(config)#interface fastethernet 0/0
        Router2(config-if)#ip address 10.10.10.34 255.255.255.252
        Router2(config-if)#no shutdown
        00:28:44: %LINK-3-UPDOWN: Interface FastEthernet0/0, changed state to up
        00:28:46: %LINEPROTO-5-UPDOWN: Line protocol on Interface FastEthernet0/0, changed state to up
       
       The FastEthernet 0/0 interfaces on both Router1 and Router2 transition to the up state because both interfaces are enabled and are configured to reside on the same subnet.
      
     
     
      
       The first assignable IP address in the 10.10.10.36/30 network is 10.10.10.37. On Router1, you should issue the following commands to configure the FastEthernet 1/0 interface with the first assignable IP address in the 10.10.10.36/30 subnet and enable the interface:
       
        Router1(config-if)#interface fastethernet 1/0
        Router1(config-if)#ip address 10.10.10.37 255.255.255.252
        Router1(config-if)#no shutdown
        00:16:41: %LINK-3-UPDOWN: Interface FastEthernet1/0, changed state to up
        00:16:42: %LINEPROTO-5-UPDOWN: Line protocol on Interface FastEthernet1/0, changed state to up
       
      
     
     
      
       The last assignable IP address in the 10.10.10.36/30 network is 10.10.10.38. On Switch3, you should issue the following commands to disable Layer 2 switching on the FastEthernet 0/11 interface and configure the interface with the second IP address in the 10.10.10.36/30 subnet:
       
        Switch3>enable
        Switch3#configure terminal
        Switch3(config)#interface fastethernet 0/11
        Switch3(config-if)#no switchport
        Switch3(config-if)#ip address 10.10.10.38 255.255.255.252
       
       You do not need to issue the no shutdown command to enable the FastEthernet 0/11 interface on Switch3 because the interface is already in an up/up state by default.
      
     
     
      
       The first assignable IP address in the 10.10.10.40/30 network is 10.10.10.41. On Router2, you should issue the following commands to configure the FastEthernet 1/0 interface with the first assignable IP address in the 10.10.10.40/30 subnet and enable the interface:
       
        Router2(config-if)#interface fastethernet 1/0
        Router2(config-if)#ip address 10.10.10.41 255.255.255.252
        Router2(config-if)#no shutdown
        00:20:25: %LINK-3-UPDOWN: Interface FastEthernet1/0, changed state to up
        00:20:26: %LINEPROTO-5-UPDOWN: Line protocol on Interface FastEthernet1/0, changed state to up
       
      
     
     
      
       The second, and last, assignable IP address in the 10.10.10.40/30 network is 10.10.10.42. On Switch3, you should issue the following commands to disable Layer 2 switching and configure the FastEthernet 0/10 interface with the second assignable IP address in the 10.10.10.40/30 subnet:
       
        Switch3(config-if)#interface fastethernet 0/10
        Switch3(config-if)#no switchport
        Switch3(config-if)#ip address 10.10.10.42 255.255.255.252
       
      
     
     
      
       The 10.10.10.32/28 range can be equally divided into four subnets. Because you have already configured three /30 subnets from that range, there is only one remaining /30 subnet that can be configured. However, a /30 subnet contains only two assignable IP addresses. That means only two assignable IP addresses remain in the 10.10.10.32/28 range you subnetted. Therefore, there are not enough IP addresses left in the 10.10.10.32/28 range to complete the configuration.
      
     
     
      
       Based on the topology, only two subnets remain to be configured: the subnet that connects Switch3 to Switch1’s network and the subnet that connects Switch3 to Switch2’s network.
       From the original 10.10.10.32/27 allocation, two subnets currently remain: 10.10.10.44/30 and 10.10.10.48/28.
       The 10.10.10.44/30 subnet can provide only two assignable IP addresses. The 10.10.10.48/28 subnet can provide 14 assignable IP addresses. However, the networks on Switch1 and Switch2 should be unique subnets.
      
     
     
      
       Dividing the 10.10.10.48/28 subnet into two equal subnets creates two subnets: 10.10.10.48/29 and 10.10.10.56/29. Each subnet has eight IP addresses each, six of which are assignable. The Switch1 network requires IP addresses for Switch3, Switch1, www, and ftp. The Switch2 network requires IP addressing for Switch3, Switch2, Web Admin, Sales, and Accounting. Therefore, each new subnet contains enough assignable IP addresses to complete the configuration.
      
     
     
      
       On Switch3, you should issue the following commands to disable switching on the FastEthernet 0/0 interface and then configure the interface with the first IP address in the 10.10.10.48/29 range:
       
        Switch3(config-if)#interface fastethernet 0/0
        Switch3(config-if)#no switchport
        Switch3(config-if)#ip address 10.10.10.49 255.255.255.248
       
      
     
     
      
       On Switch1, you should issue the following commands to configure the VLAN1 interface with the second IP address in the 10.10.10.48/29 range:
       
        Switch1>enable
        Switch1#configure terminal
        Switch1(config)#interface vlan 1
        Switch1(config-if)#ip address 10.10.10.50 255.255.255.248
       
       Because you have already assigned two IP addresses from the 10.10.10.48/29 range, four remain available.
      
     
     
      
       On www and ftp, you should issue the following commands to configure the third and fourth IP addresses in the 10.10.10.48/29 range, respectively:
       On www:
       
        C:>ipconfig /ip 10.10.10.51 255.255.255.248
       
       On ftp:
       
       
        C:>ipconfig /ip 10.10.10.52 255.255.255.248
       
       You should issue the following commands to assign each device a default gateway that matches the IP address you assigned to Switch3’s FastEthernet 0/0 interface:
       On www:
       
        C:>ipconfig /dg 10.10.10.49
       
       On ftp:
       
        C:>ipconfig /dg 10.10.10.49
       
      
     
     
      
       From www, you should issue the following command to ping the IP address you assigned to Switch3’s FastEthernet 0/0 interface:
       
       
        C:>ping 10.10.10.49
       
       The ping succeeds because Switch3’s FastEthernet 0/0 interface resides on the same subnet as www.
      
     
     
      
       On Switch3, you should issue the following commands to disable switching on the FastEthernet 0/1 interface and then configure the interface with the first IP address in the 10.10.10.56/29 range:
       
        Switch3(config-if)#interface fastethernet 0/1
        Switch3(config-if)#no switchport
        Switch3(config-if)#ip address 10.10.10.57 255.255.255.248
       
      
     
     
      
       On Switch2, you should issue the following commands to configure the VLAN1 interface with the second IP address in the 10.10.10.56/29 range:
       
        Switch2>enable
        Switch2#configure terminal
        Switch2(config)#interface vlan 1
        Switch2(config-if)#ip address 10.10.10.58 255.255.255.248
       
      
     
     
      
       On Web Admin, Sales, and Accounting, you should issue the following commands to configure the third, fourth, and fifth IP addresses in the 10.10.10.56/29 range, respectively:
       On Web Admin:
       
        C:>ipconfig /ip 10.10.10.59 255.255.255.248
       
       On Sales:
       
        C:>ipconfig /ip 10.10.10.60 255.255.255.248
       
       On Accounting:
       
        C:>ipconfig /ip 10.10.10.61 255.255.255.248
       
       You should issue the following commands to assign each device a default gateway that matches the IP address you assigned to Switch3’s FastEthernet 0/1 interface.
       On Web Admin:
       
       
        C:>ipconfig /dg 10.10.10.57
       
       On Sales:
       
       
        C:>ipconfig /dg 10.10.10.57
       
       On Accounting:
       
       
        C:>ipconfig /dg 10.10.10.57
       
      
     
     
      
       From Web Admin, you should issue the following commands to ping the IP address you assigned to Switch3’s FastEthernet 0/0 interface to confirm that it succeeds:
       
        C:>ping 10.10.10.57
       
       Because you assigned five IP addresses from the 10.10.10.56/29 range, only one assignable IP address remains in the subnet.
      
     
     
      
       Based on your subnetting work and the completed configuration, only one subnet remains unused. No network in this topology is small enough for the 10.10.10.44/30 range.
Sample Configuration Scripts
    
    
     
      
       Router1
      
     
     
      
       
        
         Router1#show running-config
         !
         Version 15.b
         service timestamps debug uptime
         service timestamps log uptime
         no service password-encryption
         !
         hostname Router1
         !
         ip subnet-zero
         !
         ip cef
         no ip domain-lookup
         !
         interface FastEthernet0/0
          ip address 10.10.10.33 255.255.255.252
          no ip directed-broadcast
         !
         interface FastEthernet1/0
          ip address 10.10.10.37 255.255.255.252
          no ip directed-broadcast
         !
         ip classless
         no ip http server
         !
         line con 0
         line aux 0
         line vty 0 4
          login 
         !
         no scheduler allocate
         end
        
       
      
     
    
    
     
      
       Switch3
      
     
     
      
       
        
         Switch3#show running-config
         !
         Version 15.b
         service timestamps debug uptime
         service timestamps log uptime
         no service password-encryption
         !
         hostname Switch3
         !
         ip subnet-zero
         !
         ip cef
         no ip domain-lookup
         spanning-tree mode pvst
         spanning-tree extend system-id
         !
         interface FastEthernet0/0
          no switchport
          ip address 10.10.10.49 255.255.255.248
         !
         interface FastEthernet0/1
          no switchport
          ip address 10.10.10.57 255.255.255.248
         !
         interface FastEthernet0/2
         !
         interface FastEthernet0/3
         !
         interface FastEthernet0/4
         !
         interface FastEthernet0/5
         !
         interface FastEthernet0/6
         !
         interface FastEthernet0/7
         !
         interface FastEthernet0/8
         !
         interface FastEthernet0/9
         !
         interface FastEthernet0/10
          no switchport
          ip address 10.10.10.42 255.255.255.252
         !
         interface FastEthernet0/11
          no switchport
          ip address 10.10.10.38 255.255.255.252
         !
         interface GigabitEthernet0/0
         !
         interface GigabitEthernet0/1
         !
         interface Vlan 1
          no ip address
          no ip route-cache
         !
         ip classless
         no ip http server
         !
         line con 0
         line aux 0
         line vty 0 15
          login 
         !
         no scheduler allocate
         end
Copyright © 1996 - 2025 Boson Software, LLC. All rights reserved. NetSim software and documentation are protected by copyright law.","Task 1: Explore Subnetting | Task 2: Subnet and Configure an IP Address Range"
"Configure VLSM on an IPv4 Network","You have been allocated a Classless Inter-Domain Routing (CIDR) block, from which you must assign subnets to the various networks in the lab exercise. Use Dynamic Host Configuration Protocol (DHCP) to deliver Internet Protocol (IP) addresses to department workstations. Create an IP addressing plan using the CIDR block you have been given. Use the CIDR block efficiently by creating a sufficient number of networks with an adequate number of hosts in each network to meet the requirements set forth in the lab instructions.
     Encapsulation has been preconfigured on Router1 and Switch1 for you. Encapsulation is beyond the scope of this lab.","Command
      Description
     
    
    
     
      configure terminal
      enters global configuration mode from privileged EXEC mode
     
     
      enable
      enters privileged EXEC mode
     
     
      end
      ends and exits configuration mode
     
     
      exit
      exits one level in the menu structure
     
     
      interface type number
      changes from global configuration mode to interface configuration mode
     
     
      interface type number subinterface-id
      creates a subinterface
     
     
      ip address ip-address subnet-mask
      assigns an IP address to an interface
     
     
      ipconfig /all
      displays detailed IP address configuration information on a PC
     
     
      ipconfig /dg ip-address
      is used in NetSim to assign a default gateway IP address to a workstation interface
     
     
      ipconfig /ip ip-address subnet-mask
      is used in NetSim to assign an IP address and subnet mask to a workstation interface
     
     
      ping ip-address
      sends an Internet Control Message Protocol (ICMP) Echo Request to the specified address
     
     
      show running-config
      displays the active configuration file
     
     
      show vlan brief
      displays parameters for all virtual local area networks (VLANs); contains the VLAN’s name, status, and ports assigned to it
Lab Tasks
    
    
     Task 1: Review and Analyze the Assigned Address Block
    
    
     The host and network portions of an IP address in a classless network are not divided at the octet boundaries. The entire IP address is viewed as a 32-bit stream, which is arbitrarily divided according to the requirements of the network. This allows network engineers and administrators to combine and divide networks by using variable-length subnet masking (VLSMs) without regard to classful network boundaries, thus making more efficient use of IP address space. This is accomplished by using CIDR and results in the formation of address blocks.
     The CIDR number used for notation indicates the number of bits that belong to the network portion of a 32-bit IP address, appears after the last octet, and is preceded by a slash before the number. Because classless networks are not limited to the 8 bits of an octet, the slash notation could be any number from 1 through 31. In contrast, because classful networks are limited to the boundaries of the octets, the slash notation of a classful network will always be /8, /16, or /24.
     To calculate how many bits are in the network portion of an address when a subnet mask is used, convert the mask to binary and count how many digits are set to a value of 1. It is possible to determine the number of bits that belong to the network portion of and IP address from the subnet mask 255.255.252.0.
     You have been instructed to use the 192.168.8.0/24 CIDR block from the Request for Comments (RFC) 1918 Class C private address space. In this task, you will assign address blocks for use in each of five departments. You should use the smallest block of addresses available for each department. Any remaining address space from the original Class C block should be conserved for future growth.
    
    
     
      
       Department
       Network
       First Host
       Last Host
       Broadcast
       Maximum Hosts
       CIDR
      
     
     
      
       Sales
       
       
       
       
       
       
      
      
       Marketing
       
       
       
       
       
       
      
      
       Administration
       
       
       
       
       
       
      
      
       HR
       
       
       
       
       
       
      
      
       Accounting
       
       
       
       
       
       
      
     
    
    
     The following shows the current operating workstations in each department:
    
    
     
      
       Department
       Current Operating Workstations
      
     
     
      
       Sales
       76
      
      
       Marketing
       35
      
      
       Administration
       27
      
      
       HR
       7
      
      
       Accounting
       4
      
     
    
    
     When designing a hierarchically addressed network that uses VLSMs, you should analyze the requirements to determine the largest contiguous address blocks needed. The network topology consists of a corporate headquarters that has five departments. Use the table and list of current operating workstations above to document your IP address block decisions, including the network address, the first host’s IP address, the last host’s IP address, the broadcast address, the maximum number of hosts that can reside on the subnet, and the CIDR notation for the subnet.
     You should assign address blocks beginning with the department with the largest number of workstations and ending with the department with the smallest number of workstations. Create the smallest block of addresses possible while allowing sufficient addresses to encompass all workstations in the department.
    
    
     Task 2: Assign IP Addresses to Router1 Subinterfaces
    
    
     A subinterface is a virtual division of a physical interface. Subinterfaces allow a router to connect to multiple VLANs over a trunk link for the purpose of performing interVLAN routing. Because all of the networks you have prepared will be configured on a single switch, you must segment them by using VLANs. A VLAN is a network virtualization mechanism that enables a single Layer 2 switch to function as multiple virtual switches.
    
    
     You should perform all of the steps in this task on Router1.
    
    
     
      
       Assign the first host IP address from the Sales subnet to the FastEthernet 0/0.22 subinterface. Why should you assign the IP address to a subinterface instead of directly assigning it to the physical FastEthernet 0/0 interface?
      
     
     
      
       Assign the first host IP address from the Marketing subnet to the FastEthernet 0/0.33 subinterface.
      
     
     
      
       Assign the first host IP address from the Administration subnet to the FastEthernet 0/0.44 subinterface.
      
     
     
      
       Assign the first host IP address from the HR subnet to the FastEthernet 0/0.55 subinterface.
      
     
     
      
       Assign the first host IP address from the Accounting subnet to the FastEthernet 0/0.66 subinterface.
      
     
     
      
       Display the running configuration to verify the changes you made.
      
     
    
    
     Task 3: Assign IP Addresses to Switch1 SVIs
    
    
     A switched virtual interface (SVI) is a logical interface that represents the physical interfaces in a VLAN. Because SVIs can be assigned IP addresses, they are often used as a destination for remote administrative access to a switch by Telnet or Secure Shell (SSH). If no SVIs exist or are in the up state on the switch, remote administration by using Telnet or SSH will not be possible. In addition, an SVI is most commonly used as the default gateway for members of a VLAN attached to a Layer 3 switch.
    
    
     You should perform all of the following steps on Switch1.
    
    
     
      
       Issue the show vlan brief command on Switch1 to examine the VLAN configuration. To which SVIs should you assign IP addresses for each department?
      
     
     
      
       Assign the last host in the Sales subnet to the appropriate SVI interface.
      
     
     
      
       Assign the last host in the Marketing subnet to the appropriate SVI interface.
      
     
     
      
       Assign the last host in the Administration subnet to the appropriate SVI interface.
      
     
     
      
       Assign the last host in the HR subnet to the appropriate SVI interface.
      
     
     
      
       Assign the last host in the Accounting subnet to the appropriate SVI interface.
      
     
     
      
       Display the running configuration to verify the changes you made.
      
     
    
    
     Task 4: Assign IP Addresses to Workstations
    
    
     In most circumstances, you would configure a DHCP server to allocate IP addresses to the workstations within each subnet. However, configuring a DHCP server is beyond the scope of this lab. Therefore, you should manually configure each of the PCs in the network with IP addresses in the appropriate subnet range. Refer to the topology diagram to determine which PCs belong to which subnets.
    
    
     
      
       On PC1 and PC2, configure each PC with the second and third IP address from the appropriate subnet range, respectively.
      
     
     
      
       On PC1 and PC2, configure each PC with a default gateway that matches the IP address you assigned to Router1’s FastEthernet 0/0.22 subinterface.
      
     
     
      
       On PC3 and PC4, configure each PC with the second and third IP address from the appropriate subnet range, respectively.
      
     
     
      
       On PC3 and PC4, configure each PC with a default gateway that matches the IP address you assigned to Router1’s FastEthernet 0/0.33 subinterface.
      
     
     
      
       On PC5 and PC6, configure each PC with the second and third IP address from the appropriate subnet range, respectively.
      
     
     
      
       On PC5 and PC6, configure each PC with a default gateway that matches the IP address you assigned to Router1’s FastEthernet 0/0.44 subinterface.
      
     
     
      
       On PC7 and PC8, configure each PC with the second and third IP address from the appropriate subnet range, respectively.
      
     
     
      
       On PC7 and PC8, configure each PC with a default gateway that matches the IP address you assigned to Router1’s FastEthernet 0/0.55 subinterface.
      
     
     
      
       On PC9 and PC10, configure each PC with the second and third IP address from the appropriate subnet range, respectively.
      
     
     
      
       On PC9 and PC10, configure each PC with a default gateway that matches the IP address you assigned to Router1’s FastEthernet 0/0.66 subinterface.
      
     
     
      
       On PC10, attempt to ping the IP address of Router1’s FastEthernet 0/0.66 interface. The ping should succeed.
Once you have completed this lab, be sure to check your work by using the grading function. You can do so by clickingGradefrom the menu bar.
Lab Solutions
    
    
     Task 1: Review and Analyze the Assigned Address Block
    
    
     If you completed this task successfully, your calculations should match the information in the following table:
    
    
     
      
       Department
       Network
       First Host
       Last Host
       Broadcast
       Maximum Hosts
       CIDR
      
     
     
      
       Sales
       192.168.8.0
       192.168.8.1
       192.168.8.126
       192.168.8.127
       126
       /25
      
      
       Marketing
       192.168.8.128
       192.168.8.129
       192.168.8.190
       192.168.8.191
       62
       /26
      
      
       Administration
       192.168.8.192
       192.168.8.193
       192.168.8.222
       192.168.8.223
       30
       /27
      
      
       HR
       192.168.8.224
       192.168.8.225
       192.168.8.238
       192.168.8.239
       14
       /28
      
      
       Accounting
       192.168.8.240
       192.168.8.241
       192.168.8.246
       192.168.8.247
       6
       /29
      
     
    
    
     The blocks of addresses shown in the table represent the smallest subnet that can be used to encompass the workstations in each department. In order to successfully calculate the subnets in this scenario, you should first determine the smallest subnet you can create that will accommodate the 76 operating workstations in the Sales department. The 192.168.8.0/24 network contains 256 IP addresses, 254 of which are assignable.
     You can determine the number of hosts that a CIDR range supports by first converting the CIDR notation to its binary subnet mask equivalent. Subnet masks are comprised of four octets, or 8-bit values, separated by dots. Binary bit weight increases in significance from right to left, with the leftmost bit in each octet worth a decimal value of 128 and the rightmost bit worth a decimal value of 1. The /24 in 192.168.8.0/24 indicates that there are 24 network bits in the binary subnet mask. Therefore, the dotted binary subnet mask equivalent of the /24 network is 11111111.11111111.11111111.00000000.
     The bits set to 0 in the subnet mask can be used to determine the number of hosts that the subnet will support. Using the formula 2h – 2, where h is the number of host bits in the dotted binary subnet mask, you can determine that 28 – 2 creates a network of 256 – 2 assignable hosts. Although the network supports a maximum of 256 IP addresses, the first and last IP address in the range are reserved for the network address and broadcast address, respectively. Therefore, 254 IP addresses in the range are assignable to hosts.
     Each time you increase the number of network bits in the subnet mask, you split the network in half. For example, if you increase the CIDR value in 192.168.8.0/24 to 192.168.8.0/25, you create two new subnets. Each of these new subnets supports half the total number of IP addresses of the parent subnet. Therefore, if a /24 subnet supports a total of 256 IP addresses with 254 assignable, a /25 subnet supports a total of 128 IP addresses with 126 assignable. You can verify this by converting /25 to its binary subnet mask equivalent and then using the 2h – 2 formula to calculate the number of hosts supported by a /25 subnet. There are 7 host bits in the 11111111.11111111.11111111.10000000 subnet mask.
     In dotted decimal notation, this subnet mask converts to 255.255.255.128. Calculating the number of hosts by using the 27 – 2 formula reveals that a /25 CIDR network supports a maximum of 128 IP addresses, 126 of which are assignable to hosts. This means that the range of IP addresses supported by the 192.168.8.0/25 network is from 192.168.8.0 through 192.168.8.127. A second range, 192.168.8.128/25, remains available for subnetting the remainder of the original /24 network. You must use the 192.168.8.0/25 range for the Sales department because dividing the 192.168.8.0/25 network in half would create two networks that contain 62 assignable host IP addresses each. This range is too small for the Sales department.
     Once you understand how CIDR notations work, you can abbreviate the process of calculating the maximum number of IP addresses by memorizing the maximum number of IP addresses in a /24 network and understanding that incrementing the CIDR value by 1 halves that number. By contrast, if you decrement the CIDR value, you double the number of IP addresses the network supports. With that in mind, you can use the following table to remember the number of networks and hosts that each CIDR notation represents:
    
    
     
      
       Binary Mask
        (1 = network bit, 0 = host bit)
       Subnet Mask
       CIDR
       Networks
       Usable Hosts per Network
      
     
     
      
       11111111.11111111.00000000.00000000
       255.255.0.0
       /16
       256
       65,534
      
      
       11111111.11111111.10000000.00000000
       255.255.128.0
       /17
       512
       32,766
      
      
       11111111.11111111.11000000.00000000
       255.255.192.0
       /18
       1,024
       16,382
      
      
       11111111.11111111.11100000.00000000
       255.255.224.0
       /19
       2,048
       8,190
      
      
       11111111.11111111.11110000.00000000
       255.255.240.0
       /20
       4,096
       4,094
      
      
       11111111.11111111.11111000.00000000
       255.255.248.0
       /21
       8,192
       2,046
      
      
       11111111.11111111.11111100.00000000
       255.255.252.0
       /22
       16,384
       1,022
      
      
       11111111.11111111.11111110.00000000
       255.255.254.0
       /23
       32,768
       510
      
      
       11111111.11111111.11111111.00000000
       255.255.255.0
       /24
       65,536
       254
      
      
       11111111.11111111.11111111.10000000
       255.255.255.128
       /25
       131,072
       126
      
      
       11111111.11111111.11111111.11000000
       255.255.255.192
       /26
       262,144
       62
      
      
       11111111.11111111.11111111.11100000
       255.255.255.224
       /27
       524,288
       30
      
      
       11111111.11111111.11111111.11110000
       255.255.255.240
       /28
       1,048,576
       14
      
      
       11111111.11111111.11111111.11111000
       255.255.255.248
       /29
       2,097,152
       6
      
      
       11111111.11111111.11111111.11111100
       255.255.255.252
       /30
       4,194,304
       2
      
      
       11111111.11111111.11111111.11111110
       255.255.255.254
       /31
       8,388,608
       0
      
      
       11111111.11111111.11111111.11111111
       255.255.255.255
       /32
       16,777,216
       0
      
     
    
    
     The /31 network supports a total of two IP addresses. Therefore, there are no assignable IP addresses in that range because the first and last IP address in each range are reserved. However, it is important to note that even though the /32 CIDR notation technically calculates to a single subnet with no host bits, this subnet is typically used to configure network interfaces that are intended to behave as a single network with a single IP address. For example, IP addresses assigned to loopback interfaces are often configured with a subnet mask of 255.255.255.255.
    
    
     Task 2: Assign IP Addresses to Router1 Subinterfaces
    
    
     
      
       Issue the following commands to assign the first host IP address from the Sales subnet to the FastEthernet 0/0.22 subinterface:
       
        Router1>enable
        Router1#configure terminal
        Router1(config)#interface fastethernet 0/0.22
        Router1(config-subif)#ip address 192.168.8.1 255.255.255.128
       
       You should assign the IP address to the subinterface because you are connecting more than one network to a single physical interface on the router. Each network will require its own default gateway. By using subinterfaces, you enable the router to use a single physical interface to connect to and route between all five of the networks you configure on Switch1.
      
     
     
      
       Issue the following commands to assign the first host IP address from the Marketing subnet to the FastEthernet 0/0.33 subinterface:
       
        Router1(config-subif)#interface fastethernet 0/0.33
        Router1(config-subif)#ip address 192.168.8.129 255.255.255.192
       
      
     
     
      
       Issue the following commands to assign the first host IP address from the Administration subnet to the FastEthernet 0/0.44 subinterface:
       
        Router1(config-subif)#interface fastethernet 0/0.44
        Router1(config-subif)#ip address 192.168.8.193 255.255.255.224
       
      
     
     
      
       Issue the following commands to assign the first host IP address from the HR subnet to the FastEthernet 0/0.55 subinterface:
       
        Router1(config-subif)#interface fastethernet 0/0.55
        Router1(config-subif)#ip address 192.168.8.225 255.255.255.240
       
      
     
     
      
       Issue the following commands to assign the first host IP address from the Accounting subnet to the FastEthernet 0/0.66 subinterface:
       
        Router1(config-subif)#interface fastethernet 0/0.66
        Router1(config-subif)#ip address 192.168.8.241 255.255.255.248
       
      
     
     
      
       You should issue the following commands to verify the configuration:
       
        Router1(config-subif)#end
        Router1#show running-config | section interface
        interface FastEthernet0/0
         description Link to Switch1
         no ip address
         no ip directed-broadcast
        interface FastEthernet0/0.22
         encapsulation dot1q 22
         ip address 192.168.8.1 255.255.255.128
        interface FastEthernet0/0.33
         encapsulation dot1q 33
         ip address 192.168.8.129 255.255.255.192
        interface FastEthernet0/0.44
         encapsulation dot1q 44
         ip address 192.168.8.193 255.255.255.224
        interface FastEthernet0/0.55
         encapsulation dot1q 55
         ip address 192.168.8.225 255.255.255.240
        interface FastEthernet0/0.66
         encapsulation dot1q 66
         ip address 192.168.8.241 255.255.255.248
        interface FastEthernet1/0
         no ip address
         no ip directed-broadcast
         shutdown
       
      
     
    
    
     Task 3: Assign IP Addresses to Switch1 SVIs
    
    
     
      
       Issue the following commands to determine the VLAN ID assignment for each department:
       
        Switch1>enable
        Switch1#show vlan brief
        VLAN Name                             Status    Ports
        ---- -------------------------------- --------- --------------------------
        1    default                          active    Fa0/11
        22   Sales                            active    Fa0/1, Fa0/2
        33   Marketing                        active    Fa0/3, Fa0/4
        44   Administration                   active    Fa0/5, Fa0/6
        55   HR                               active    Fa0/7, Fa0/8
        66   Accounting                       active    Fa0/9, Fa0/10
        1002 fddi-default                     active
        1003 token-ring-default               active
        1004 fddinet-default                  active
        1005 trnet-default                    active
       
       Based on the output, you can determine that the VLAN 22 is used for the Sales department, VLAN 33 is used for the Marketing department, VLAN 44 is used for Administration, VLAN 55 is used for HR, and VLAN 66 is used for Accounting. Therefore, the SVI associated with each of those VLAN IDs should be assigned an IP address from the respective department subnet. For example, the SVI for VLAN 22 is the Vlan22 interface. Therefore, the Vlan22 interface on Switch1 should be configured with an IP address from the Sales subnet.
      
     
     
      
       Issue the following commands to assign the last host in the Sales subnet to the VLAN 22 interface:
       
        Switch1#configure terminal
        Switch1(config)#interface vlan 22
        Switch1(config-if)#ip address 192.168.8.126 255.255.255.128
       
       It is important to note that a Cisco switch changes the maintenance VLAN, which is the VLAN that is used to remotely access and manage the switch, to the VLAN interface that was most recently configured with an IP address. Therefore, each time you configure a VLAN interface with an IP address, that VLAN interface becomes the new maintenance VLAN. As a result, only one VLAN interface is placed in the up state at a time. The others are automatically transitioned to administratively down.
      
     
     
      
       Issue the following commands to assign the last host in the Marketing subnet to the VLAN 33 interface:
       
        Switch1(config-if)#interface vlan 33
        Switch1(config-if)#ip address 192.168.8.190 255.255.255.192
       
      
     
     
      
       Issue the following commands to assign the last host in the Administration subnet to the VLAN 44 interface:
       
        Switch1(config-if)#interface vlan 44
        Switch1(config-if)#ip address 192.168.8.222 255.255.255.224
       
      
     
     
      
       Issue the following commands to assign the last host in the HR subnet to the VLAN 55 interface:
       
        Switch1(config-if)#interface vlan 55
        Switch1(config-if)#ip address 192.168.8.238 255.255.255.240
       
      
     
     
      
       Issue the following commands to assign the last host in the Accounting subnet to the VLAN 66 interface:
       
        Switch1(config-if)#interface vlan 66
        Switch1(config-if)#ip address 192.168.8.246 255.255.255.248 
       
      
     
     
      
       You should issue the following commands to verify the configuration:
       
        Switch1(config-if)#end
        Switch1#show running-config | section interface
        <output omitted>
        interface Vlan 1
         no ip address
         no ip route-cache
        interface Vlan0022
         ip address 192.168.8.126 255.255.255.128
         no ip route-cache
         shutdown
        interface Vlan0033
         ip address 192.168.8.190 255.255.255.192
         no ip route-cache
         shutdown
        interface Vlan0044
         ip address 192.168.8.222 255.255.255.224
         no ip route-cache
         shutdown
        interface Vlan0055
         ip address 192.168.8.238 255.255.255.240
         no ip route-cache
         shutdown
        interface Vlan0066
         ip address 192.168.8.246 255.255.255.248
         no ip route-cache
       
      
     
    
    
     Task 4: Assign IP Addresses to Workstations
    
    
     
      
       On PC1 and PC2, you should issue the following commands to configure each PC with the second and third IP address from the appropriate subnet range, respectively:
       On PC1:
       
        ipconfig /ip 192.168.8.2 255.255.255.128
       
       On PC2:
       
        ipconfig /ip 192.168.8.3 255.255.255.128
       
      
     
     
      
       On PC1 and PC2, you should issue the following commands to configure each PC with a default gateway that matches the IP address you assigned to Router1’s FastEthernet 0/0.22 subinterface:
       On PC1:
       
        ipconfig /dg 192.168.8.1
       
       On PC2:
       
        ipconfig /dg 192.168.8.1
       
      
     
     
      
       On PC3 and PC4, you should issue the following commands to configure each PC with the second and third IP address from the appropriate subnet range, respectively:
       On PC3:
       
        ipconfig /ip 192.168.8.130 255.255.255.192
       
       On PC4:
       
        ipconfig /ip 192.168.8.131 255.255.255.192
       
      
     
     
      
       On PC3 and PC4, you should issue the following commands to configure each PC with a default gateway that matches the IP address you assigned to Router1’s FastEthernet 0/0.33 subinterface:
       On PC3:
       
        ipconfig /dg 192.168.8.129
       
       On PC4:
       
        ipconfig /dg 192.168.8.129
       
      
     
     
      
       On PC5 and PC6, you should issue the following commands to configure each PC with the second and third IP address from the appropriate subnet range, respectively:
       On PC5:
       
        ipconfig /ip 192.168.8.194 255.255.255.224
       
       On PC6:
       
        ipconfig /ip 192.168.8.195 255.255.255.224
       
      
     
     
      
       On PC5 and PC6, you should issue the following commands to configure each PC with a default gateway that matches the IP address you assigned to Router1’s FastEthernet 0/0.44 subinterface:
       On PC5:
       
        ipconfig /dg 192.168.8.193
       
       On PC6:
       
        ipconfig /dg 192.168.8.193
       
      
     
     
      
       On PC7 and PC8, you should issue the following commands to configure each PC with the second and third IP address from the appropriate subnet range, respectively:
       On PC7:
       
        ipconfig /ip 192.168.8.226 255.255.255.240
       
       On PC8:
       
        ipconfig /ip 192.168.8.227 255.255.255.240
       
      
     
     
      
       On PC7 and PC8, you should issue the following commands to configure each PC with a default gateway that matches the IP address you assigned to Router1’s FastEthernet 0/0.55 subinterface:
       On PC7:
       
        ipconfig /dg 192.168.8.225
       
       On PC8:
       
        ipconfig /dg 192.168.8.225
       
      
     
     
      
       On PC9 and PC10, you should issue the following commands to configure each PC with the second and third IP address from the appropriate subnet range, respectively:
       On PC9:
       
        ipconfig /ip 192.168.8.242 255.255.255.248
       
       On PC10:
       
        ipconfig /ip 192.168.8.243 255.255.255.248
       
      
     
     
      
       On PC9 and PC10, you should issue the following commands to configure each PC with a default gateway that matches the IP address you assigned to Router1’s FastEthernet 0/0.66 subinterface:
       On PC9:
       
        ipconfig /dg 192.168.8.241
       
       On PC10:
       
        ipconfig /dg 192.168.8.241
       
       On PC10, you should issue the following command to ping the IP address of Router1’s FastEthernet 0/0.66 interface:
	   
        C:>ping 192.168.8.241
        Pinging 192.168.8.241 with 100 bytes of data:
        Reply from 192.168.8.241: bytes=100 time=76ms TTL=15
        Reply from 192.168.8.241: bytes=100 time=1ms TTL=15
        Reply from 192.168.8.241: bytes=100 time=1ms TTL=15
        Reply from 192.168.8.241: bytes=100 time=1ms TTL=15
        Reply from 192.168.8.241: bytes=100 time=1ms TTL=15
        Ping statistics for 
            Packets: Sent = 5, Received = 5, Lost = 0 (0% loss),
        Approximate round trip times in milli-seconds:
            Minimum = 1ms, Maximum = 75ms, Average = 16ms
       
      
     
     
      
       Pings to other Router1 subinterfaces or to any other PC from any PC should also succeed because the router is configured on every subnet and thus knows paths to those subnets.
Sample Configuration Script
    
    
     
      
       Router1
       Router1 (continued)
      
     
     
      
       
        
         Router1#show running-config 
         Building configuration...
         Current configuration : 847 bytes
         !
         Version 15.b
         service timestamps debug uptime
         service timestamps log uptime
         no service password-encryption
         !
         hostname Router1
         !
         ip subnet-zero
         !
         ip cef
         no ip domain-lookup
         !
         interface FastEthernet0/0
          description Link to Switch1
          no ip address
          no ip directed-broadcast
         !
         interface FastEthernet0/0.22
          encapsulation dot1q 22
          ip address 192.168.8.1 255.255.255.128
         !
         interface FastEthernet0/0.33
          encapsulation dot1q 33
          ip address 192.168.8.129 255.255.255.192
         !
         interface FastEthernet0/0.44
          encapsulation dot1q 44
          ip address 192.168.8.193 255.255.255.224
         !
         interface FastEthernet0/0.55
          encapsulation dot1q 55
          ip address 192.168.8.225 255.255.255.240
         !
         interface FastEthernet0/0.66
          encapsulation dot1q 66
          ip address 192.168.8.241 255.255.255.248
         !
        
       
       
        
         interface FastEthernet1/0
          no ip address
          no ip directed-broadcast
          shutdown
         !
         ip classless
         no ip http server
         !
         line con 0
         line aux 0
         line vty 0 4
          login 
         !
         no scheduler allocate
         end
Copyright © 1996 - 2024 Boson Software, LLC. All rights reserved. NetSim software and documentation are protected by copyright law.","Task 1: Review and Analyze the Assigned Address Block | Task 2: Assign IP Addresses to Router1 Subinterfaces | Task 3: Assign IP Addresses to Switch1 SVIs | Task 4: Assign IP Addresses to Workstations"
"Configure IPv6 Address Types","Internet Protocol version 6 (IPv6) offers several improvements over IP version 4 (IPv4), including a simplified header, native IP Security (IPSec) protocol support, and improved route aggregation. IPv6 uses a 128-bit address space, which provides enough unique addresses to meet future demand. In this lab, you will learn about IPv6 address types and implement IPv6 addressing on the network.
     The simulated network for this lab consists of five routers connected by point-to-point wide area network (WAN) links. Each router also has a local area network (LAN) connected to its FastEthernet interface. Each LAN has one host PC connected. This network is comparable to an actual network connecting five geographically separate offices; each office has a LAN to which desktop PCs and servers are connected.","Command
      Description
     
    
    
     
      configure terminal
      enters global configuration mode from privileged EXEC mode
     
     
      enable
      enters privileged EXEC mode
     
     
      end
      ends and exits configuration mode
     
     
      interface type number
      changes from global configuration mode to interface configuration mode
     
     
      ip address ip-address subnet-mask
      assigns an IPv4 address to an interface
     
     
      ipv6 address address/prefix-length
      configures an IPv6 address for an interface
     
     
      ipv6 router rip process-name
      configures a router for Routing Information Protocol next generation (RIPng)
     
     
      ipv6 rip process-name enable
      configures an interface for RIPng
     
     
      ipv6 unicast-routing
      enables IPv6 routing
     
     
      ping ip-address
      sends an Internet Control Message Protocol (ICMP) Echo Request to the specified address
     
     
      ping ipv6 ipv6-address
      sends an ICMP Echo Request to the specified IPv6 address
     
     
      show interfaces [type number]
      displays the interface’s Data Link layer status; when the type and number parameters are included, displays detailed information about the specified interface
     
     
      show ip interface brief
      displays a brief summary of interface status and configuration
     
     
      show ipv6 interface brief
      displays a brief summary of interface status and configuration
     
     
      show ipv6 route
      displays the IP routing table
     
     
      show running-config
      displays the active configuration file
The IP addresses and subnet masks used in this lab are shown in the following tables:","Task 1: Examine the Initial Network Configuration | Task 2: Explore IPv6 and Understand IPv6 Addresses | Task 3: Implement IPv6 | Task 4: Verify IPv6"
"Configure IPv6 by Using Modified EUI-64","In this lab, you will configure an automatic Internet Protocol version 6 (IPv6) addressing environment on Layer 3 switches by using modified extended unique identifier (EUI)-64. Similar to IP version 4 (IPv4), each IPv6 host on a network must have a unique address assigned to it. Because of the large address space provided by IPv6, hosts can use the Media Access Control (MAC) address assigned to them during the manufacturing process as part of the interface ID portion of their IPv6 address. This is known as an EUI-64 interface ID. The EUI-64 interface ID is added to the IPv6 prefix to create a full IPv6 address. Stateless Address Autoconfiguration (SLAAC) is a form of IPv6 configuration in which an IPv6 gateway device automatically assigns a modified EUI-64 IPv6 address to a client from its own prefix. The modified EUI-64 IPv6 format is named as such because it contains a universal/local (U/L) bit identifier that indicates whether the address is locally administered or globally unique.","Command
      Description
     
    
    
     
      configure terminal
      enters global configuration mode from privileged EXEC mode
     
     
      enable
      enters privileged EXEC mode
     
     
      end
      ends and exits configuration mode
     
     
      exit
      exits one level in the menu structure
     
     
      interface type number
      changes from global configuration mode to interface configuration mode
     
     
      ipv6 address ipv6-address/prefix-length
      configures an IPv6 address for an interface
     
     
      ipv6 address autoconfig
      configures an IPv6 address on an interface by using SLAAC
     
     
      ipv6 enable
      enables IPv6 on an interface
     
     
      ipv6 unicast-routing
      enables IPv6 routing
     
     
      ping ipv6 ipv6-address
      sends an Internet Control Message Protocol (ICMP) Echo Request to the specified IPv6 address
     
     
      show hosts
      displays the default domain name, a list of name server hosts, and a cached list of host names and addresses
     
     
      show ipv6 interface [brief] [type number]
      displays a brief summary of each IPv6 interface’s configuration and status
     
     
      show running-config
      displays the active configuration file
The IP addresses and subnet masks used in this lab are shown in the table below:","Task 1: Configure IPv6 on CORE | Task 2: Configure SLAAC on Router3"
"Explore the MAC Address Table","Switches are responsible for switching frames by using a Media Access Control (MAC) address, which is a physical address. When a switch receives a frame, the switch adds the source MAC address to the switching table if the address does not already exist. Then the switch will check the switching table to determine whether the destination MAC address is listed. If so, the switch will direct the frame to the appropriate port. If the destination address is not listed, the switch will broadcast the frame out all ports except the port from which the frame was received.In this lab, you will explore Switch1’s MAC address table. The MAC address table is also known as a Content Addressable Memory (CAM) table or the MAC forwarding table. Exploring the MAC address table will enable you to understand how a Layer 2 switch learns, stores, and ages information in the MAC address table.","Command
     Description
    
   
   
    
     configure terminal
     enters global configuration mode from privileged EXEC mode
    
    
     enable
     enters privileged EXEC mode
    
    
     end
     ends and exits configuration mode
    
    
     interface type number
     changes from global configuration mode to interface configuration mode
    
    
     ipconfig /all
     displays detailed IP address configuration information on a PC
    
    
     ping ip-address
     sends an Internet Control Message Protocol (ICMP) Echo Request to the specified address
    
    
     show interfaces [type number]
     displays the interface’s Data Link layer status; when the type and number parameters are included, displays detailed information about the specified interface
    
    
     show ip interface brief
     displays a brief summary of interface status and configuration
    
    
     show mac-address-table
     displays the MAC forwarding table on a switch
    
    
     show running-config
     displays the active configuration file
    
    
     shutdown; no shutdown
     disables an interface; enables a disabled interface
The IP addresses and subnet masks used in this lab are shown in the following tables:","Task 1: Examine the Network Configuration | Task 2: Explore the MAC Address Table"
"Implement IPv4 Addressing","In this lab, you will practice configuring Internet Protocol version 4 (IPv4) addressing on a complex network topology. The IPv4 addressing ranges used in this lab are reserved and typically used for either private networks or documentation only. You will appropriately subnet these IPv4 ranges and then configure one or more Internet Protocol (IP) addresses on each device.","Command
      Description
     
    
    
     
      configure terminal
      enters global configuration mode from privileged EXEC mode
     
     
      enable
      enters privileged EXEC mode
     
     
      end
      ends and exits configuration mode
     
     
      exit
      exits one level in the menu structure
     
     
      interface type number
      changes from global configuration mode to interface configuration mode
     
     
      ip address ip-address subnet-mask
      assigns an IP address and subnet mask to an interface
     
     
      ipconfig /dg ip-address
      is used in NetSim to assign a default gateway IP address to a workstation interface
     
     
      ipconfig /ip ip-address subnet-mask
      is used in NetSim to assign an IP address and subnet mask to a workstation interface
     
     
      ping ip-address
      sends an Internet Control Message Protocol (ICMP) Echo Request to the specified address
     
     
      shutdown; no shutdown
      disables an interface; enables an interface
     
     
      no switchport
      disables Layer 2 switching on a switchport and allows the configuration of Layer 3 network addresses on the port
The IP addresses used in this lab are shown in the tables below. However, you will be tasked with completing the Subnet Mask column for each IPv4 address you will assign.","Task 1: Subnet IPv4 Networks | Task 2: Configure IPv4 Addressing"
"Implement IPv6 Addressing","In this lab, you will practice configuring Internet Protocol version 6 (IPv6) addressing. You will manually assign global unicast IPv6 addresses to some interfaces. In addition, you will configure other interfaces by using modified extended unique identifier (EUI)-64 and Stateless Address Autoconfiguration (SLAAC).","Command
      Description
     
    
    
     
      configure terminal
      enters global configuration mode from privileged EXEC mode
     
     
      enable
      enters privileged EXEC mode
     
     
      end
      ends and exits configuration mode
     
     
      exit
      exits one level in the menu structure
     
     
      interface type number
      changes from global configuration mode to interface configuration mode
     
     
      ipconfig /all
      displays detailed IP configuration information on a host
     
     
      ipconfig /ipv6 autoconfig
      configures an IPv6 address on a host interface by using SLAAC
     
     
      ipv6 address ipv6-address/prefix-length
      configures an IPv6 address for an interface
     
     
      ipv6 address autoconfig
      configures an IPv6 address on an interface by using SLAAC
     
     
      ipv6 enable
      enables IPv6 on an interface
     
     
      ipv6 unicast-routing
      enables IPv6 routing
     
     
      ping ipv6 ipv6-address
      sends an Internet Control Message Protocol (ICMP) Echo Request to the specified IPv6 address
     
     
      show interfaces [type slot/port]
      displays statistics for interfaces configured on the device
     
     
      show ipv6 interface [brief] [type number]
      displays a brief summary of each IPv6 interface’s configuration and status
     
     
      show running-config
      displays the active configuration file
The IPv6 addresses used in this lab are shown in the table below.","Task 1: Manually Configure IPv6 Addresses | Task 2: Configure Modified EUI-64 IPv6 Addresses by Using SLAAC"
"Boson CCNA Challenge Lab 1","In this lab, you will configure a new, unconfigured network. When your work is complete, you should be able to ping every device on the local area network (LAN) from Host1 by using an Internet Protocol version 4 (IPv4) address. You will also configure Router1, Router2, DSW1, DSW2, Host1, Host2, and Host3 with an IP version 6 (IPv6) address. This lab requires you to know how to assign host names, subnet IP address ranges, assign host addresses, and understand Media Access Control (MAC) addresses. Ideally, you should complete this lab only after you have completed other labs that cover this material.","Command
      Description
     
    
    
     
      configure terminal
      enters global configuration mode from privileged EXEC mode
     
     
      copy running-config startup-config
      saves the configuration file
     
     
      enable
      enters privileged EXEC mode
     
     
      end
      ends and exits configuration mode
     
     
      exit
      exits one level in the menu structure
     
     
      hostname host-name
      configures a host name on a Cisco device
     
     
      interface type number
      changes from global configuration mode to interface configuration mode
     
     
      ip address ip-address subnet-mask
      assigns an IP address and subnet mask to an interface
     
     
      ipconfig /dg ip-address
      is used in NetSim to assign a default gateway IP address to a workstation interface
     
     
      ipconfig /ip ip-address subnet-mask
      is used in NetSim to assign an IP address and subnet mask to a workstation interface
     
     
      ipconfig /ipv6 autoconfig
      configures an IPv6 address on a NetSim PC by using Stateless Address Autoconfiguration (SLAAC)
     
     
      ipv6 address ipv6-address/prefix-length
      configures an IPv6 address for an interface
     
     
      ipv6 address autoconfig
      configures an IPv6 address on an interface by using SLAAC
     
     
      ipv6 unicast-routing
      enables IPv6 routing
     
     
      ping ip-address
      sends an Internet Control Message Protocol (ICMP) Echo Request to the specified address
     
     
      show interfaces [type slot/port]
      displays statistics for interfaces configured on the device
     
     
      show ipv6 interface [brief] [type number]
      displays a brief summary of each IPv6 interface’s configuration and status
     
     
      show running-config
      displays the active configuration file
     
     
      shutdown; no shutdown
      disables an interface; enables an interface
The IPv4 addresses used in this lab would ordinarily be shown in the tables below. However, you will be tasked with completing the columns for each IPv4 address you will assign.","Task 1: Configure the IPv4 Network | Task 2: Configure the IPv6 Network"
"Explore and Configure Switch Access Ports","In this lab, you will learn how to create, configure, examine, and delete virtual LANs (VLANs) on a switch. You will also learn how to configure an interface to be an access port and how to assign the interface to a VLAN. Trunk ports between Switch1 and Switch2 have already been configured.","Command
      Description
     
    
    
     
      configure terminal
      enters global configuration mode from privileged EXEC mode
     
     
      enable
      enters privileged EXEC mode
     
     
      end
      ends and exits configuration mode
     
     
      exit
      exits one level in the menu structure
     
     
      interface type number
      enters interface configuration mode
     
     
      interface range type [module/][slot/]starting-port - ending-port
      enters interface configuration mode for a range of interfaces
     
     
      ip address ip-address subnet-mask
      assigns an Internet Protocol (IP) address and subnet mask to an interface
     
     
      name vlan-name
      configures a name for a VLAN
     
     
      ping ip-address
      sends an Internet Control Message Protocol (ICMP) Echo Request to the specified address
     
     
      show interfaces [type number]
      displays interface statistics
     
     
      show interfaces status
      displays the line status of all interfaces
     
     
      show vlan brief
      displays parameters for all VLANs; contains the VLAN name, status, and ports assigned to it
     
     
      shutdown; no shutdown
      disables an interface; enables an interface
     
     
      switchport access vlan vlan-id
      assigns an access port to a VLAN
     
     
      switchport mode access
      configures an interface as an access port
     
     
      vlan number [name vlan-name]
      creates or configures a VLAN with an optional name
The IP addresses and subnet masks used in this lab are shown in the tables below:","Task 1: Configure VLANs | Task 2: Configure Access Ports"
"Explore and Configure Switch Trunk Ports","In this lab, you will learn how to configure and verify trunk ports on a switch. You will also learn about Dynamic Trunking Protocol (DTP) modes. Access ports on Switch1 and Switch2 have already been configured. Switch1 and Switch2 have been configured so that Sales1 and Sales2 send traffic on virtual local area network (VLAN) 10 and so that HR1 and HR2 send traffic on VLAN 20.","Command
      Description
     
    
    
     
      configure terminal
      enters global configuration mode from privileged EXEC mode
     
     
      enable
      enters privileged EXEC mode
     
     
      end
      ends and exits configuration mode
     
     
      exit
      exits one level in the menu structure
     
     
      interface type number
      enters interface configuration mode
     
     
      ping ip-address
      sends an Internet Control Message Protocol (ICMP) Echo Request to the specified address
     
     
      show interfaces [type number] switchport
      displays interface switchport information
     
     
      show interfaces [type number] trunk
      displays interface trunk information
     
     
      switchport mode {trunk | dynamic auto | dynamic desirable}
      configures the DTP mode for an interface
     
     
      switchport nonegotiate
      disables DTP on an interface
     
     
      switchport trunk encapsulation dot1q
      configures an interface to use 802.1Q encapsulation
The IP addresses and subnet masks used in this lab are shown in the tables below:","Task 1: Understand Trunk Mode | Task 2: Understand Dynamic Auto Mode | Task 3: Understand Dynamic Desirable Mode | Task 4: Understand Nonegotiate Mode"
"Configure InterVLAN Routing","A virtual local area network (VLAN) is a network virtualization mechanism that enables a Layer 2 switch to function as multiple virtual switches. Traffic within one VLAN is isolated from traffic in all other VLANs; therefore, hosts on one VLAN cannot communicate with hosts on other VLANs unless the traffic is routed between the VLANs by using a router or a Layer 3 switch. Routing between VLANs is called interVLAN routing.
     In this lab, you will learn how to configure interVLAN routing by using a router-on-a-stick configuration. A trunk has already been configured between Switch1 and Switch2. Access ports on Switch1 and Switch2 have already been configured. Switch1 and Switch2 have been configured so that Sales1 and Sales2 send traffic on VLAN 10 and so that HR1 and HR2 send traffic on VLAN 20.","Command
      Description
     
    
    
     
      configure terminal
      enters global configuration mode from privileged EXEC mode
     
     
      enable
      enters privileged EXEC mode
     
     
      encapsulation dot1q vlan-id
      configures a router interface to use 802.1Q encapsulation for the specified VLAN ID
     
     
      end
      ends and exits configuration mode
     
     
      exit
      exits one level in the menu structure
     
     
      interface type number
      enters interface configuration mode
     
     
      interface type number subinterface-id
      creates a subinterface
     
     
      ip address ip-address subnet-mask
      assigns an IP address and subnet mask to an interface
     
     
      no shutdown
      enables an interface
     
     
      ping ip-address
      sends an Internet Control Message Protocol (ICMP) Echo Request to the specified address
     
     
      show ip route
      displays the IP routing table
     
     
      show running-config
      displays the active configuration file
     
     
      switchport mode {trunk | dynamic auto | dynamic desirable}
      configures the DTP mode for an interface
     
     
      switchport trunk encapsulation dot1q
      configures an interface to use 802.1Q encapsulation
     
     
      switchport nonegotiate
      disables Dynamic Trunking Protocol (DTP)
The IP addresses and subnet masks used in this lab are shown in the tables below:","Task 1: Verify the Current Configuration | Task 2: Configure InterVLAN Routing | Task 3: Verify InterVLAN Routing"
"Explore the Native VLAN","The 802.1Q encapsulation protocol provides support for native virtual local area networks (VLANs). Each 802.1Q trunk port has exactly one native VLAN. Normally, when traffic is sent on a VLAN, a 4-byte VLAN tag is inserted into the Ethernet header to identify the VLAN to which the traffic belongs. However, traffic that is sent on the native VLAN is untagged, which means that a switch will not add the VLAN tag. The destination switch will assume that untagged frames belong to the native VLAN.
     In this lab, you will learn how to view and modify the native VLAN. You will also learn about VLAN leaking, which can occur when native VLANs are mismatched on each side of the trunk link.","Command
      Description
     
    
    
     
      configure terminal
      enters global configuration mode from privileged EXEC mode
     
     
      enable
      enters privileged EXEC mode
     
     
      end
      ends and exits configuration mode
     
     
      interface type number
      changes from global configuration mode to interface configuration mode
     
     
      ping ip-address
      sends an Internet Control Message Protocol (ICMP) Echo Request to the specified address
     
     
      show interfaces status
      displays the line status of all interfaces
     
     
      show interfaces [interface-id] switchport
      displays interface switchport information
     
     
      show interfaces [interface-id] trunk
      displays interface trunk information 
     
     
      switchport trunk native vlan vlan-id
      modifies the native VLAN for an interface
     
     
      show running-config
      displays the active configuration file
The IP addresses and subnet masks used in this lab are shown in the following tables:","Task 1: Explore the Current Configuration | Task 2: Explore the Native VLAN | Task 3: Understand VLAN Leaking"
"Configure and Verify VTP","Manually configuring virtual local area networks (VLANs) on every switch in a large network can be a daunting task. To address this problem, Cisco created VLAN Trunking Protocol (VTP). VTP is a Layer 2 protocol that propagates VLAN configuration information from one switch to another throughout a network.
     In this lab, you will learn how to configure a VTP domain name. You will also learn about VTP server mode, transparent mode, and client mode and how each of these modes operates.","Command
      Description
     
    
    
     
      configure terminal
      enters global configuration mode from privileged EXEC mode
     
     
      enable
      enters privileged EXEC mode
     
     
      exit
      exits one level in the menu structure
     
     
      show running-config
      displays the active configuration file
     
     
      show vlan brief
      displays parameters for all VLANs; contains the VLAN name, status, and ports assigned to it
     
     
      show vtp status
      displays the current VTP status
     
     
      vlan number [name vlan-name]
      creates or configures a VLAN with an optional name
     
     
      vtp domain domain-name
      assigns the VTP domain name
     
     
      vtp mode {server | transparent | client}
      configures the VTP mode
Lab Tasks
    
    
     Task 1: Configure the VTP Domain
    
    
     In this task, you will configure the VTP domain on each switch.
    
    
     
      
       On Switch1, issue the commands to display the status of VTP on the switch. What is the VTP domain name? What is another name for the default VTP name value?
      
     
     
      
       On Switch2 and Switch3, issue the command to verify that the VTP domain name is blank.
      
     
     
      
       On Switch1, issue the commands to configure the VTP domain name to boson. What rules should you follow when configuring the name of a VTP domain?
      
     
     
      
       On Switch1, issue the command to display the VTP status. What is the VTP domain name now?
      
     
     
      
       On Switch2 and Switch3, issue the command to display the VTP status. What is the VTP domain name on each of these switches? Why?
      
     
    
    
     Task 2: Configure the VTP Mode
    
    
     In this task, you will configure the VTP mode for each switch.
    
    
     
      
       On every switch in the topology, issue the command to display the VTP status. Based on the output, what is the VTP mode on each switch?
      
     
     
      
       On Switch2, issue the command to change the VTP mode to transparent mode. What are some specific characteristics of a VTP-enabled switch when it is operating in transparent mode?
      
     
     
      
       On Switch2, issue the commands to verify that the VTP mode has changed to transparent mode.
      
     
     
      
       On Switch3, issue the commands necessary to change the VTP mode to client mode. What are some specific characteristics of a VTP-enabled switch when it is operating in client mode?
      
     
     
      
       On Switch3, issue the commands to verify that the VTP mode has changed to client mode.
      
     
    
    
     Task 3: Verify VTP Mode Operation
    
    
     In this task, you will attempt to create VLANs on each switch and verify how each of the three VTP modes operate in relation to one another.
    
    
     
      
       On each switch in the topology, issue the command to display the VLANs that exist on each switch.
      
     
     
      
       On Switch1, issue the commands to create VLAN 10. Switch1 is operating in VTP server mode. What effects will your changes have on Switch2 and Switch3?
      
     
     
      
       On Switch1, issue the commands to verify that VLAN 10 exists.
      
     
     
      
       On Switch2, issue the command to display the VLANs that exist on the switch. What VLANs exist on Switch2? Was VLAN 10 created on Switch2? Why or why not?
      
     
     
      
       On Switch3, issue the command to display the VLANs that exist on the switch. What VLANs exist on Switch3? Was VLAN 10 created on Switch3? Why or why not?
      
     
     
      
       On Switch2, issue the commands to create VLAN 20. Is the command successful? What changes to the configurations of Switch1 and Switch3 might you expect to see as a result of issuing this command on Switch2?
      
     
     
      
       On Switch2, issue the commands to verify that VLAN 20 exists.
      
     
     
      
       On Switch1, issue the command to display the VLANs that exist on the switch. What VLANs exist on Switch1? Was VLAN 20 created on Switch1? Why or why not?
      
     
     
      
       On Switch3, issue the command to display the VLANs that exist on the switch. What VLANs exist on Switch3? Was VLAN 20 created on Switch3? Why or why not?
      
     
     
      
       On Switch3, issue the commands to create VLAN 30. Is the command successful? Why or why not?
      
     
     
      
       Create VLAN 30 on the correct switch so that VLAN 30 can propagate to Switch3. What switch did you choose? Why?
      
     
     
      
       On Switch1, verify that VLAN 30 exists.
      
     
     
      
       On Switch3, verify that VLAN 30 exists.
Once you have completed this lab, be sure to check your work by using the grading function. You can do so by clickingGradefrom the menu bar.
Lab Solutions
    
    
     Task 1: Configure the VTP Domain
    
    
     
      
       On Switch1, you should issue the following commands to display the VTP status:
       
        Switch1>enable
        Switch1#show vtp status
        VTP Version                     : 2
        Configuration Revision          : 0
        Maximum VLANs supported locally : 64
        Number of existing VLANs        : 5
        VTP Operating Mode              : Server
        VTP Domain Name                 : 
        VTP Pruning Mode                : Disabled
        VTP V2 Mode                     : Disabled
        VTP Traps Generation            : Disabled
        MD5 digest                      : 0xCF 0xCD 0x20 0x84 0x95 0xD5 0x65 0xEF
        Configuration last modified by 0.0.0.0 at 3-1-2012 04:55:57
        Local updater ID is 0.0.0.0 (no valid interface found)
       
       The VTP domain name is blank. The blank VTP domain name is also known as NULL. By default, a switch resides in the NULL VTP domain.
      
     
     
      
       On Switch2 and Switch3, you should issue the following commands to verify that the VTP domain name is blank:
       
        Switch2>enable
        Switch2#show vtp status
        VTP Version                     : 2
        Configuration Revision          : 0
        Maximum VLANs supported locally : 64
        Number of existing VLANs        : 5
        VTP Operating Mode              : Server
        VTP Domain Name                 : 
        VTP Pruning Mode                : Disabled
        VTP V2 Mode                     : Disabled
        VTP Traps Generation            : Disabled
        MD5 digest                      : 0xCF 0xCD 0x20 0x84 0x95 0xD5 0x65 0xEF
        Configuration last modified by 0.0.0.0 at 3-1-2012 04:55:57
        Local updater ID is 0.0.0.0 (no valid interface found)
        Switch3>enable
        Switch3#show vtp status
        VTP Version                     : 2
        Configuration Revision          : 0
        Maximum VLANs supported locally : 64
        Number of existing VLANs        : 5
        VTP Operating Mode              : Server
        VTP Domain Name                 : 
        VTP Pruning Mode                : Disabled
        VTP V2 Mode                     : Disabled
        VTP Traps Generation            : Disabled
        MD5 digest                      : 0xCF 0xCD 0x20 0x84 0x95 0xD5 0x65 0xEF
        Configuration last modified by 0.0.0.0 at 3-1-2012 04:55:57
        Local updater ID is 0.0.0.0 (no valid interface found)
       
       The VTP domain name is also blank on Switch2 and Switch3.
      
     
     
      
       On Switch1, you should issue the following commands to change the VTP domain name to boson:
       
        Switch1#configure terminal
        Switch1(config)#vtp domain boson
        Changing VTP domain from NULL to boson
       
       When configuring VTP domain names, you should note that the names are case-sensitive. Therefore, the VTP domain name boson is different from the VTP domain name Boson or BOSON. All switches in a VTP domain should have the same VTP domain name unless VTP is operating in transparent mode. In this case, a domain name is not required.
       It is important to note that once you assign a VTP domain name to a switch, the domain name cannot be removed. In other words, you cannot configure the VTP domain name to a blank string or NULL. You can only replace the domain name with another valid domain name.
      
     
     
      
       On Switch1, you should issue the following commands to display the VTP status:
       
        Switch1(config)#end
        Switch1#show vtp status
        VTP Version                     : 2
        Configuration Revision          : 0
        Maximum VLANs supported locally : 64
        Number of existing VLANs        : 5
        VTP Operating Mode              : Server
        VTP Domain Name                 : boson
        VTP Pruning Mode                : Disabled
        VTP V2 Mode                     : Disabled
        VTP Traps Generation            : Disabled
        MD5 digest                      : 0x95 0x4B 0xA4 0x5A 0x96 0x45 0x43 0x0F
        Configuration last modified by 0.0.0.0 at 3-1-2012 04:55:57
        Local updater ID is 0.0.0.0 (no valid interface found)
       
       Based on the output, you can determine that the VTP domain name has been changed to boson.
      
     
     
      
       On Switch2 and Switch3, you should issue the following command to display the VTP status:
       
        Switch2#show vtp status
        VTP Version                     : 2
        Configuration Revision          : 0
        Maximum VLANs supported locally : 64
        Number of existing VLANs        : 5
        VTP Operating Mode              : Server
        VTP Domain Name                 : boson
        VTP Pruning Mode                : Disabled
        VTP V2 Mode                     : Disabled
        VTP Traps Generation            : Disabled
        MD5 digest                      : 0x95 0x4B 0xA4 0x5A 0x96 0x45 0x43 0x0F
        Configuration last modified by 0.0.0.0 at 3-1-2012 04:55:57
        Local updater ID is 0.0.0.0 (no valid interface found)
        Switch3#show vtp status
        VTP Version                     : 2
        Configuration Revision          : 0
        Maximum VLANs supported locally : 64
        Number of existing VLANs        : 5
        VTP Operating Mode              : Server
        VTP Domain Name                 : boson
        VTP Pruning Mode                : Disabled
        VTP V2 Mode                     : Disabled
        VTP Traps Generation            : Disabled
        MD5 digest                      : 0x95 0x4B 0xA4 0x5A 0x96 0x45 0x43 0x0F
        Configuration last modified by 0.0.0.0 at 3-1-2012 04:55:57
        Local updater ID is 0.0.0.0 (no valid interface found)
       
       Based on the output, you can determine that both Switch2 and Switch3 now have a VTP domain name of boson. If a switch in the NULL domain receives a VTP advertisement from another switch, it will change its VTP domain name to match the domain in the VTP advertisement.
      
     
    
    
     Task 2: Configure the VTP Mode
    
    
     
      
       On all three switches, you should issue the show vtp status command to display the VTP status, as shown in the following sample output from Switch1:
       
        Switch1#show vtp status
        VTP Version                     : 2
        Configuration Revision          : 0
        Maximum VLANs supported locally : 64
        Number of existing VLANs        : 5
        VTP Operating Mode              : Server
        VTP Domain Name                 : boson
        VTP Pruning Mode                : Disabled
        VTP V2 Mode                     : Disabled
        VTP Traps Generation            : Disabled
        MD5 digest                      : 0x95 0x4B 0xA4 0x5A 0x96 0x45 0x43 0x0F
        Configuration last modified by 0.0.0.0 at 3-1-2012 04:55:57
        Local updater ID is 0.0.0.0 (no valid interface found)
       
       Based on the output, you can determine that VTP on each switch is configured to operate in server mode. Server mode is the default VTP mode. In this task, Switch1 is going to remain configured for VTP server mode. To configure a switch to operate in VTP server mode, you should issue the vtp mode server command from global configuration mode.
      
     
     
      
       On Switch2, you should issue the following commands to configure VTP to operate in transparent mode:
       
        Switch2#configure terminal
        Switch2(config)#vtp mode transparent
        Setting device to VTP TRANSPARENT mode.
       
       When a switch is operating in VTP transparent mode, VTP is effectively disabled on the switch. Therefore, the switch does not send VTP updates. In addition, the switch does not modify its own VTP settings based on updates from other switches.
      
     
     
      
       On Switch2, you should issue the following commands to verify that the switch is operating in VTP transparent mode:
       
        Switch2(config)#exit
        Switch2#show vtp status
        VTP Version                     : 2
        Configuration Revision          : 0
        Maximum VLANs supported locally : 64
        Number of existing VLANs        : 5
        VTP Operating Mode              : Transparent
        VTP Domain Name                 : boson
        VTP Pruning Mode                : Disabled
        VTP V2 Mode                     : Disabled
        VTP Traps Generation            : Disabled
        MD5 digest                      : 0x95 0x4B 0xA4 0x5A 0x96 0x45 0x43 0x0F
        Configuration last modified by 0.0.0.0 at 3-1-2012 04:55:57
        Local updater ID is 0.0.0.0 (no valid interface found)
       
       Based on the output, Switch2 is operating in VTP transparent mode.
      
     
     
      
       On Switch3, you should issue the following commands to configure the switch to operate in VTP client mode:
       
        Switch3#configure terminal
        Enter configuration commands, one per line.  End with CNTL/Z.
        Switch3(config)#vtp mode client
        Setting device to VTP CLIENT mode.
       
       One unique characteristic of VTP client mode is that you cannot manually change the VTP configuration on a switch that is operating in VTP client mode. However, the VTP domain on a client mode switch can be automatically updated by switches that are operating in VTP server mode.
      
     
     
      
       On Switch3, you should issue the following commands to verify that the switch is operating in VTP client mode:
       
        Switch3(config)#exit
        Switch3#show vtp status
        VTP Version                     : 2
        Configuration Revision          : 0
        Maximum VLANs supported locally : 64
        Number of existing VLANs        : 5
        VTP Operating Mode              : Client
        VTP Domain Name                 : boson
        VTP Pruning Mode                : Disabled
        VTP V2 Mode                     : Disabled
        VTP Traps Generation            : Disabled
        MD5 digest                      : 0x95 0x4B 0xA4 0x5A 0x96 0x45 0x43 0x0F
        Configuration last modified by 0.0.0.0 at 3-1-2012 04:55:57
        Local updater ID is 0.0.0.0 (no valid interface found)
       
       Based on the output, Switch3 is operating in VTP client mode.
      
     
    
    
     Task 3: Verify VTP Mode Operation
    
    
     
      
       On each switch in the topology, you should issue the following command to display the VLANs that exist on each switch:
       
        Switch1#show vlan brief
        VLAN Name                             Status    Ports
        ---- -------------------------------- --------- -------------------------------
        1    default                          active    Fa0/1, Fa0/2, Fa0/3, Fa0/4
                                                        Fa0/5, Fa0/6, Fa0/7, Fa0/8
                                                        Fa0/9, Fa0/10, Fa0/11
        1002 fddi-default                     active
        1003 token-ring-default               active
        1004 fddinet-default                  active
        1005 trnet-default                    active
        Switch2#show vlan brief
        VLAN Name                             Status    Ports
        ---- -------------------------------- --------- -------------------------------
        1    default                          active    Fa0/1, Fa0/2, Fa0/3, Fa0/4
                                                        Fa0/5, Fa0/6, Fa0/7, Fa0/8
                                                        Fa0/9, Fa0/10, Fa0/11
        1002 fddi-default                     active
        1003 token-ring-default               active
        1004 fddinet-default                  active
        1005 trnet-default                    active
        Switch3#show vlan brief
        VLAN Name                             Status    Ports
        ---- -------------------------------- --------- -------------------------------
        1    default                          active    Fa0/1, Fa0/2, Fa0/3, Fa0/4
                                                        Fa0/5, Fa0/6, Fa0/7, Fa0/8
                                                        Fa0/9, Fa0/10, Fa0/11
        1002 fddi-default                     active
        1003 token-ring-default               active
        1004 fddinet-default                  active
        1005 trnet-default                    active
       
       The same VLANs exist on all three switches: 1, 1002, 1003, 1004, and 1005.
      
     
     
      
       On Switch1, you should issue the following commands to create VLAN 10:
       
        Switch1#configure terminal
        Switch1(config)#vlan 10
        Switch1(config-vlan)#
       
       The command is successful. VLANs can be created on, and deleted from, switches that operate in VTP server mode. These VLAN changes will be propagated to other switches that are operating in VTP server mode or VTP client mode and are in the same VTP domain. Therefore, the changes you made to Switch1 should propagate to Switch3, which is operating in VTP client mode. The changes should have no effect on Switch2, which is operating in VTP transparent mode.
      
     
     
      
       On Switch1, you should issue the following commands to verify that VLAN 10 exists:
       
        Switch1(config-vlan)#exit
        Switch1(config)#exit
        Switch1#show vlan brief
        VLAN Name                             Status    Ports
        ---- -------------------------------- --------- -------------------------------
        1    default                          active    Fa0/1, Fa0/2, Fa0/3, Fa0/4
                                                        Fa0/5, Fa0/6, Fa0/7, Fa0/8
                                                        Fa0/9, Fa0/10, Fa0/11
        10   VLAN0010                         active
        1002 fddi-default                     active
        1003 token-ring-default               active
        1004 fddinet-default                  active
        1005 trnet-default                    active
       
       Based on the output, you can determine that VLAN 10 exists on Switch1.
      
     
     
      
       On Switch2, you should issue the following command to display the VLANs that exist on the switch:
       
        Switch2#show vlan brief
        VLAN Name                             Status    Ports
        ---- -------------------------------- --------- -------------------------------
        1    default                          active    Fa0/1, Fa0/2, Fa0/3, Fa0/4
                                                        Fa0/5, Fa0/6, Fa0/7, Fa0/8
                                                        Fa0/9, Fa0/10, Fa0/11
        1002 fddi-default                     active
        1003 token-ring-default               active
        1004 fddinet-default                  active
        1005 trnet-default                    active
       
       Based on the output, you can determine that VLAN 10 was not created on Switch2. This is because Switch2 is operating in VTP transparent mode. Switches operating in VTP transparent mode do not participate in VTP synchronization. However, a switch in VTP transparent mode will forward VTP advertisements that are received from other switches.
      
     
     
      
       On Switch3, you should issue the following command to display the VLANs that exist on the switch:
       
        Switch3#show vlan brief
        VLAN Name                             Status    Ports
        ---- -------------------------------- --------- -------------------------------
        1    default                          active    Fa0/1, Fa0/2, Fa0/3, Fa0/4
                                                        Fa0/5, Fa0/6, Fa0/7, Fa0/8
                                                        Fa0/9, Fa0/10, Fa0/11
        10   VLAN0010                         active
        1002 fddi-default                     active
        1003 token-ring-default               active
        1004 fddinet-default                  active
        1005 trnet-default                    active
       
       Based on the output, you can determine that VLAN 10 was created on Switch3. This is because Switch2, which is operating in VTP transparent mode, forwarded the VTP advertisement from Switch1 to Switch3.
      
     
     
      
       On Switch2, you should issue the following commands to create VLAN 20:
       
        Switch2#configure terminal
        Switch2(config)#vlan 20
        Switch2(config-vlan)#
       
       The command is successful. VLANs can be created on and deleted from switches that are operating in VTP transparent mode. However, these VLAN changes will remain local to the transparent mode switch and will not be propagated to other switches in the VTP domain.
      
     
     
      
       On Switch2, you should issue the following commands to verify that VLAN 20 exists, as shown in the following output:
       
        Switch2(config-vlan)#exit
        Switch2(config)#exit
        Switch2#show vlan brief
        VLAN Name                             Status    Ports
        ---- -------------------------------- --------- -------------------------------
        1    default                          active    Fa0/1, Fa0/2, Fa0/3, Fa0/4
                                                        Fa0/5, Fa0/6, Fa0/7, Fa0/8
                                                        Fa0/9, Fa0/10, Fa0/11
        20   VLAN0020                         active
        1002 fddi-default                     active
        1003 token-ring-default               active
        1004 fddinet-default                  active
        1005 trnet-default                    active
       
       Based on the output, you can determine that VLAN 20 exists on Switch2.
      
     
     
      
       On Switch1, you should issue the following command to determine what VLANs exist on the switch:
       
        Switch1#show vlan brief
        VLAN Name                             Status    Ports
        ---- -------------------------------- --------- -------------------------------
        1    default                          active    Fa0/1, Fa0/2, Fa0/3, Fa0/4
                                                        Fa0/5, Fa0/6, Fa0/7, Fa0/8
                                                        Fa0/9, Fa0/10, Fa0/11
        10   VLAN0010                         active
        1002 fddi-default                     active
        1003 token-ring-default               active
        1004 fddinet-default                  active
        1005 trnet-default                    active
       
       VLAN 20 does not exist on Switch1, because VLAN 20 was created on Switch2, which is operating in VTP transparent mode. Changes to VLANs on switches that are operating in VTP transparent mode remain local to that switch and are not propagated to other switches.
      
     
     
      
       On Switch3, you should issue the following command to determine what VLANs exist on the switch:
       
        Switch3#show vlan brief
        VLAN Name                             Status    Ports
        ---- -------------------------------- --------- -------------------------------
        1    default                          active    Fa0/1, Fa0/2, Fa0/3, Fa0/4
                                                        Fa0/5, Fa0/6, Fa0/7, Fa0/8
                                                        Fa0/9, Fa0/10, Fa0/11
        10   VLAN0010                         active
        1002 fddi-default                     active
        1003 token-ring-default               active
        1004 fddinet-default                  active
        1005 trnet-default                    active
       
       VLAN 20 does not exist on Switch3, because Switch2 is operating in VTP transparent mode.
      
     
     
      
       On Switch3, you should issue the following commands to create VLAN 30:
       
        Switch3#configure terminal
        Switch3(config)#vlan 30
        VTP VLAN configuration not allowed when device is in CLIENT mode.
       
       The command is not successful because Switch3 is operating in VTP client mode. You cannot make changes to VLANs on a switch that is operating in VTP client mode. Changes to VLANs must originate on a VTP server and propagate to a VTP client.
      
     
     
      
       On Switch1, you should issue the following commands to create VLAN 30, as shown in the following output:
       
        Switch1#configure terminal
        Switch1(config)#vlan 30
        Switch1(config-vlan)#exit
       
       You should have chosen to create VLAN 30 on Switch1 because Switch1 is operating in VTP server mode. Changes to VTP server mode switches propagate to other VTP server mode switches as well as to switches that are operating in VTP client mode. Although the changes will not propagate to switches operating in VTP transparent mode, those switches will forward VTP updates to other switches.
      
     
     
      
       On Switch1, you should issue the following commands to verify that VLAN 30 exists on the switch:
       
        Switch1(config)#exit
        Switch1#show vlan brief
        VLAN Name                             Status    Ports
        ---- -------------------------------- --------- -------------------------------
        1    default                          active    Fa0/1, Fa0/2, Fa0/3, Fa0/4
                                                        Fa0/5, Fa0/6, Fa0/7, Fa0/8
                                                        Fa0/9, Fa0/10, Fa0/11
        10   VLAN0010                         active
        30   VLAN0030                         active
        1002 fddi-default                     active
        1003 token-ring-default               active
        1004 fddinet-default                  active
        1005 trnet-default                    active
       
       Based on the output, you can verify that VLAN 30 exists on Switch1.
      
     
     
      
       On Switch3, you should issue the following commands to verify that VLAN 30 exists:
       
        Switch3(config)#exit
        Switch3#show vlan brief
        VLAN Name                             Status    Ports
        ---- -------------------------------- --------- -------------------------------
        1    default                          active    Fa0/1, Fa0/2, Fa0/3, Fa0/4
                                                        Fa0/5, Fa0/6, Fa0/7, Fa0/8
                                                        Fa0/9, Fa0/10, Fa0/11
        10   VLAN0010                         active
        30   VLAN0030                         active
        1002 fddi-default                     active
        1003 token-ring-default               active
        1004 fddinet-default                  active
        1005 trnet-default                    active
       
       Based on the output, you can determine that VLAN 30 exists on Switch3. This is because Switch3 received the VTP updates from Switch1 through Switch2.
Sample Configuration Scripts
    
    
     
      
       Switch1
      
     
     
      
       
        
         Version 15.b
         service timestamps debug uptime
         service timestamps log uptime
         no service password-encryption
         !
         hostname Switch1
         !
         ip subnet-zero
         !
         ip cef
         no ip domain-lookup
         spanning-tree mode pvst
         spanning-tree extend system-id
         !
         interface FastEthernet0/0
          switchport mode trunk
         !
         interface FastEthernet0/1
         !
         interface FastEthernet0/2
         !
         interface FastEthernet0/3
         !
         interface FastEthernet0/4
         !
         interface FastEthernet0/5
         !
         interface FastEthernet0/6
         !
         interface FastEthernet0/7
         !
         interface FastEthernet0/8
         !
         interface FastEthernet0/9
         !
         interface FastEthernet0/10
         !
         interface FastEthernet0/11
         !
         interface Vlan 1
          no ip address
          no ip route-cache
         !
         vlan 10 name VLAN0010
         vlan 30 name VLAN0030
         !
         ip classless
         no ip http server
         !
         line con 0
         line aux 0
         line vty 0 15
          login 
         !
         no scheduler allocate
         end
Copyright © 1996 - 2024 Boson Software, LLC. All rights reserved. NetSim software and documentation are protected by copyright law.","Task 1: Configure the VTP Domain | Task 2: Configure the VTP Mode | Task 3: Verify VTP Mode Operation"
"Configure and Verify CDP","Cisco Discovery Protocol (CDP) is a Cisco-proprietary neighbor-discovery protocol that is natively supported by nearly every Cisco-branded hardware platform. CDP operates at Layer 2, the Data Link layer, of the Open Systems Interconnection (OSI) model; therefore, even devices that use different Layer 3 protocols can share neighbor information.
     In this lab, you will learn how to use CDP to view connected neighbor devices. You will also learn how to view the CDP configuration and modify CDP timers. Finally, you will learn how to disable and enable CDP globally as well as on an individual interface.","Command
      Description
     
    
    
     
      cdp enable; no cdp enable
      enables CDP on an interface; disables CDP on an interface
     
     
      cdp holdtime [seconds]
      specifies the number of seconds that a device will retain a CDP entry before discarding it
     
     
      cdp run; no cdp run
      enables CDP globally; disables CDP globally
     
     
      cdp timer seconds
      specifies the number of seconds between CDP advertisements
     
     
      configure terminal
      enters global configuration mode from privileged EXEC mode
     
     
      enable
      enters privileged EXEC mode
     
     
      end
      ends and exits configuration mode
     
     
      interface type number
      changes from global configuration mode to interface configuration mode
     
     
      ping ip-address
      sends an Internet Control Message Protocol (ICMP) Echo Request to the specified address
     
     
      show cdp
      displays global CDP information
     
     
      show cdp entry [* | hostname]
      displays CDP information about a specific CDP neighbor
     
     
      show cdp interface [interface-id]
      displays CDP information for each local interface
     
     
      show cdp neighbors
      displays information about directly connected Cisco devices
     
     
      show cdp neighbors detail
      displays detailed information about directly connected Cisco devices
     
     
      show cdp traffic
      displays CDP traffic information
     
     
      show running-config
      displays the active configuration file
The IP addresses and subnet masks used in this lab are shown in the following tables:","Task 1: View CDP Neighbors | Task 2: Verify and Modify the CDP Configuration | Task 3: Disable CDP Globally | Task 4: Disable CDP on an Interface"
"Configure and Verify LLDP","Link-Layer Discovery Protocol (LLDP) is a standards-based neighbor-discovery protocol. Non-Cisco devices do not support Cisco Discovery Protocol (CDP); therefore, LLDP is a suitable alternative for neighbor discovery when connecting Cisco devices to third-party devices. LLDP operates at Layer 2, the Data Link layer, of the Open Systems Interconnection (OSI) model; therefore, even devices that use different Layer 3 protocols can share neighbor information.
     In this lab, you will learn how to enable LLDP and use it to view connected neighbor devices. You will also learn how to view the LLDP configuration and modify LLP timers. Finally, you will learn how to disable LLDP globally as well as enable and disable the transmission and reception of LLDP messages over an individual interface.","Command
      Description
     
    
    
     
      configure terminal
      enters global configuration mode from privileged EXEC mode
     
     
      enable
      enters privileged EXEC mode
     
     
      end
      ends and exits configuration mode
     
     
      interface type number
      changes from global configuration mode to interface configuration mode
     
     
      lldp holdtime [seconds]
      specifies the number of seconds that a device will retain an LLDP entry before discarding it
     
     
      lldp run; no lldp run
      enables LLDP globally; disables LLDP globally
     
     
      lldp receive; no lldp receive
      enables LLDP reception on an interface; disables LLDP reception on an interface
     
     
      lldp timer [seconds]
      specifies the number of seconds between LLDP advertisements
     
     
      lldp transmit; no lldp transmit
      enables LLDP transmission on an interface; disables LLDP transmission on an interface
     
     
      show lldp
      displays global LLDP information
     
     
      show lldp interface [interface-id]
      displays LLDP information for each local interface
     
     
      show lldp neighbors
      displays information about directly connected network devices
     
     
      show lldp neighbors detail
      displays detailed information about directly connected network devices
     
     
      show running-config
      displays the active configuration file
The IP addresses and subnet masks used in this lab are shown in the following tables:","Task 1: Enable LLDP Globally | Task 2: View LLDP Neighbors | Task 3: Verify and Modify the LLDP Configuration | Task 4: Disable LLDP Globally | Task 5: Disable and Enable LLDP on an Interface"
"Configure Layer 2 EtherChannel LACP","EtherChannel can be used to provide high-bandwidth, redundant links between switches. Under ordinary circumstances, Spanning Tree Protocol (STP) would force all but one link between switches into the blocking state, thereby preventing switching loops. However, when EtherChannel is used to combine redundant physical ports into a single logical port, STP considers the EtherChannel port to be a single, nonredundant link.
     Cisco switches can use one of two protocols to enable link aggregation on an EtherChannel: Port Aggregation Protocol (PAgP) and Link Aggregation Control Protocol (LACP). LACP is a standards-based protocol that is used to negotiate link aggregation on an EtherChannel. In this lab, you will learn how to create a Layer 2 EtherChannel by using LACP.","Command
      Description
     
    
    
     
      configure terminal
      enters global configuration mode from privileged EXEC mode
     
     
      channel-group channel-group-number mode {auto [non-silent] | desirable [non-silent] | on | active | passive}
      assigns an interface to an EtherChannel group
     
     
      enable
      enters privileged EXEC mode
     
     
      end
      ends and exits configuration mode
     
     
      interface range type starting-port - ending-port
      configures a range of interfaces
     
     
      show cdp neighbors
      displays information about directly-connected Cisco neighbors
     
     
      show etherchannel [channel-group-number] {detail | load-balance | port | port-channel | summary | protocol}
      displays EtherChannel information
     
     
      show interfaces [type number]
      displays interface statistics
     
     
      show running-config
      displays the active configuration file
     
     
      show spanning-tree
      displays the spanning tree configuration
Lab Tasks
    
    
     Task 1: Review Initial Configurations
    
    
     In this task, you will review the initial configuration of Switch1 and Switch2.
    
    
     
      
       On Switch1, issue the command to display Cisco Discovery Protocol (CDP) neighbor information. Which interfaces are connected?
      
     
     
      
       On Switch1, issue the command to display the spanning tree configuration. Which interfaces are forwarding?
      
     
     
      
       On Switch2, issue the command to display the spanning tree configuration. Which interfaces are forwarding?
      
     
     
      
       Based on the configuration, what limitations does STP as a switching loop prevention technology place on the network in this scenario?
      
     
    
    
     Task 2: Configure Layer 2 EtherChannel by Using LACP
    
    
     In this task, you will create a Layer 2 EtherChannel by using LACP.
    
    
     
      
       On Switch1, configure the interfaces from FastEthernet 0/1 through FastEthernet 0/4 to be members of Port-Channel 1. Use LACP’s passive mode. What effect does passive mode have on the LACP link?
      
     
     
      
       On Switch2, configure the interfaces from FastEthernet 0/1 through FastEthernet 0/4 to be members of Port-Channel 1. Use LACP’s passive mode. What effect do you expect this configuration to have on Switch2’s Port-Channel 1 after you issue the commands?
      
     
     
      
       On Switch1, issue the command to verify that the port channel exists. In what state is the interface? Why?
      
     
     
      
       On Switch1, issue the command to display the EtherChannel summary. In what state is the Po1 interface? Why?
      
     
     
      
       On Switch1, issue the commands necessary to configure the interfaces from FastEthernet 0/1 through FastEthernet 0/4 as members of Port-Channel 1. Ensure that Switch1’s side of the port channel attempts to negotiate LACP.
      
     
     
      
       On Switch1, issue the commands necessary to display interface information about Port-Channel 1. In what state is the interface now?
      
     
     
      
       On Switch1, issue the command to display the EtherChannel summary. In what state is the Po1 interface now?
      
     
     
      
       On Switch2, issue the necessary commands to display the spanning tree configuration. Which interfaces are forwarding now? Why?
      
     
     
      
       On Switch2, issue the command to display interface information about Port-Channel 1. What bandwidth is used by this interface?
Once you have completed this lab, be sure to check your work by using the grading function. You can do so by clickingGradefrom the menu bar.
Lab Solutions
    
    
     Task 1: Review Initial Configurations
    
    
     
      
       On Switch1, you should issue the following commands to display CDP neighbor information:
       
        Switch1>enable
        Switch1#show cdp neighbors
        Capability Codes: R – Router, T – Trans Bridge, B – Source Route Bridge
                          S – Switch, H – Host, i - IGMP, r - Repeater, P - Phone,
                          D - Remote, C - CVTA, M - Two-port Mac Relay
        Device ID        Local Intrfce     Holdtme    Capability  Platform  Port ID
        Switch2
                     Fas0/1         173           T S      3550      Fas 0/1
        Switch2
                     Fas0/2         173           T S      3550      Fas 0/2
        Switch2
                     Fas0/3         173           T S      3550      Fas 0/3
        Switch2
                     Fas0/4         173           T S      3550      Fas 0/4
       
       The interfaces from FastEthernet 0/1 through FastEthernet 0/4 on Switch1 are connected to the interfaces from FastEthernet 0/1 through FastEthernet 0/4 on Switch2. The
      Local Intrfce column indicates the local port on Switch1 and the Port ID column indicates the connected port on Switch2.
      
     
     
      
       On Switch1, you should issue the following command to display spanning tree information:
       
        Switch1#show spanning-tree
        VLAN0001
          Spanning tree enabled protocol pvst
          Root ID    Priority    32769
                     Address     000C.1289.3959
                     This bridge is the root
                     Hello Time   2 sec  Max Age 20 sec  Forward Delay 15 sec
          Bridge ID  Priority    32769
                     Address     000C.1289.3959
                     Hello Time   2 sec  Max Age 20 sec  Forward Delay 15 sec
                     Aging Time 15
        Interface           Role Sts Cost      Prio.Nbr Type
        ------------------- ---- --- --------- -------- --------------------------------
        Fa0/1               Desg FWD 0         128.1    P2p
        Fa0/2               Desg FWD 0         128.2    P2p
        Fa0/3               Desg FWD 0         128.3    P2p
        Fa0/4               Desg FWD 0         128.4    P2p
       
       All four interfaces on Switch1 are forwarding. This is because Switch1 is the root bridge for the virtual local area network (VLAN) with an ID of 1. All ports on a root bridge are designated ports and operate in the forwarding state.
      
     
     
      
       Issuing the show spanning-tree command on Switch2 displays the following output:
       
        Switch2>enable
        Switch2#show spanning-tree 
        VLAN0001
          Spanning tree enabled protocol pvst
          Root ID    Priority    32769
                     Address     000C.1289.3959
                     Cost        19
                     Hello Time   2 sec  Max Age 20 sec  Forward Delay 15 sec
          Bridge ID  Priority    32769
                     Address     000C.1380.3538
                     Hello Time   2 sec  Max Age 20 sec  Forward Delay 15 sec
                     Aging Time 15
        Interface           Role Sts Cost      Prio.Nbr Type
        ------------------- ---- --- --------- -------- --------------------------------
        Fa0/1               Root FWD 19        128.1    P2p
        Fa0/2               Altn BLK 19        128.2    P2p
        Fa0/3               Altn BLK 19        128.3    P2p
        Fa0/4               Altn BLK 19        128.4    P2p
       
       Only the FastEthernet 0/1 interface on Switch2 is forwarding; the other three ports have been placed into the STP blocking state in order to prevent switching loops. Therefore, only one FastEthernet interface can be used to send traffic between Switch1 and Switch2, limiting the bandwidth to 100 megabits per second (Mbps). The three blocked ports are operating in an alternate role. The one forwarding port is a root port, which means it is the best path to the root bridge.
      
     
     
      
       Because three of the four ports that connect Switch2 to Switch1 are in the blocking state, the connection between Switch1 and Switch2 is limited to the speed and bandwidth of single forwarding interface. If Switch1 and Switch2 could combine the four connected ports into a single high-throughput virtual port, the connection between Switch1 and Switch2 could utilize the speed and bandwidth of all four ports simultaneously to transmit and receive data.
      
     
    
    
     Task 2: Configure Layer 2 EtherChannel by Using LACP
    
    
     
      
       On Switch1, you should issue the following command to configure interfaces FastEthernet 0/1 through FastEthernet 0/4 to be members of Port-Channel 1 and to operate in LACP passive mode:
       
        Switch1#configure terminal
        Switch1(config)#interface range fastethernet 0/1 – 4
        Switch1(config-if-range)#channel-group 1 mode passive
        Creating a port-channel interface Port-channel 1
       
       LACP supports two unique modes: active and passive. The passive mode enables LACP only if an LACP device on the remote side of the link negotiates it. Therefore, LACP on Switch1 does not immediately become enabled on Switch1’s Port-Channel 1 interface after you issue the above commands.
       EtherChannel requires a minimum of two links between devices. LACP is defined in the Institute of Electrical and Electronics Engineers (IEEE) 802.3ad standard. Because LACP is a standards-based protocol, it can be used between Cisco and non-Cisco switches. Conversely, PAgP is a Cisco proprietary protocol and can only be used to create EtherChannels between Cisco switches. Either one of these protocols will allow a switch to learn its partner’s capabilities and dynamically group identically configured interfaces into a single logical link.
      
     
     
      
       On Switch2, you should issue the following commands to configure the interfaces from FastEthernet 0/1 through FastEthernet 0/4 to be members of Port-Channel 1 and to operate in LACP passive mode:
       
        Switch2#configure terminal
        Switch2(config)#interface range fastethernet 0/1–- 4
        Switch2(config-if-range)#channel-group 1 mode passive
        Creating a port-channel interface Port-channel 1
       
       After you configure the port channel on both switches, you might expect the virtual interface named Port-Channel 1 to transition to the up/up state. However, you have configured LACP to operate in passive mode on both sides of the switch. Therefore, neither switch’s port channel is attempting to negotiate LACP with the other switch.
      
     
     
      
       On Switch1, you should issue the following commands to verify that Port-Channel 1 exists: 
       
        Switch1(config-if-range)#end
        Switch1#show interfaces port-channel 1
        Port-channel1 is down, line protocol is down
          Hardware is EtherChannel, address is 000C.4315.5924 (bia 000C.4315.5924)
          MTU 1500 bytes, BW 1000 Kbit, DLY 100 usec,
             reliability 255/255, txload 1/255, rxload 1/255
          Auto-duplex, Auto-speed
          Members in this channel:  Fa0/1 Fa0/2 Fa0/3 Fa0/4
          Encapsulation ARPA, loopback not set
          ARP type: ARPA, ARP Timeout 04:00:00
          Last input 02:29:44, output never, output hang never
          Last clearing of “show interface” counters never
          Input queue: 0/75/0/0 (size/max/drops/flushes); Total output drops: 0
          Queuing strategy: fifo
          Output queue :0/40 (size/max)
          5 minute input rate 0 bits/sec, 0 packets/sec
          5 minute output rate 0 bits/sec, 0 packets/sec
             269 packets input, 71059 bytes, 0 no buffer
             Received 6 broadcasts, 0 runts, 0 giants, 0 throttles
             0 input errors, 0 CRC, 0 frame, 0 overrun, 0 ignored
             7290 packets output, 429075 bytes, 0 underruns
             0 output errors, 3 interface resets
             0 output buffer failures, 0 output buffers swapped out
       
       The Port-Channel 1 interface is in the down/down state. This is because neither Switch1 nor Switch2 have negotiated the link. Both virtual interfaces are operating in LACP passive mode.
      
     
     
      
       On Switch1, you should issue the following command to display the EtherChannel summary:
       
        Switch1#show etherchannel summary
        Flags:  D–- down        P–- bundled in port-channel
                I–- stand-alone s–- suspended
                H–- Hot-standby (LACP only)
                R–- Layer3      S–- Layer2
                U–- in use      f–- failed to allocate aggregator
                M–- not in use, minimum links not met
                u–- unsuitable for bundling
                w–- waiting to be aggregated
                d–- default port
        Number of channel-groups in use: 1
        Number of aggregators:           1
        Group  Port-channel  Protocol    Ports
        ------+-------------+-----------+------------------------------
        1      Po1(SD)         LACP      Fa0/1(I)   Fa0/2(I)   Fa0/3(I)   Fa0/4(I)  
       
       According to the flags
      (SD), the Po1 interface is using Layer2 and is in the Down state. Each FastEthernet port is in the stand-alone state (I). This indicates that the port channel has not been formed. If the port channel had formed, the FastEthernet ports would indicate that they are bundled (P).
      
     
     
      
       On Switch1, you should issue the following commands to configure the interfaces from FastEthernet 0/1 through FastEthernet 0/4 to be members of Port-Channel 1 and to negotiate LACP:
       
        Switch1#configure terminal
        Switch1(config)#interface range fastethernet 0/1 - 4
        Switch1(config-if-range)#channel-group 1 mode active
        00:40:31: %LINK-3-UPDOWN: Interface Port-channel1, changed state to up
        00:40:31: %LINEPROTO-5-UPDOWN: Line protocol on Interface Port-channel1, changed state to up
       
       LACP can be configured in either active or passive mode. Active mode places an interface into a state where it will initiate negotiation with its partner by sending out LACP packets. Passive mode places an interface into a state where it will respond to LACP packets but not initiate any negotiation. Placing an interface in passive mode will minimize LACP traffic. However, as demonstrated in this scenario, if both ends of a link are configured in passive mode, no negotiation can take place and the interface will not be bundled.
      
     
     
      
       On Switch1, you should issue the following commands to display Port-Channel 1 interface information:
       
        Switch1(config-if-range)#end
        Switch1#show interfaces port-channel 1
        Port-channel1 is up, line protocol is up
          Hardware is EtherChannel, address is 000C.4315.5924 (bia 000C.4315.5924)
          MTU 1500 bytes, BW 400000 Kbit, DLY 100 usec,
             reliability 255/255, txload 1/255, rxload 1/255
          Auto-duplex, Auto-speed
          Members in this channel:  Fa0/1 Fa0/2 Fa0/3 Fa0/4
          Encapsulation ARPA, loopback not set
          ARP type: ARPA, ARP Timeout 04:00:00
          Last input 02:29:44, output never, output hang never
          Last clearing of ""show interface"" counters never
          Input queue: 0/75/0/0 (size/max/drops/flushes); Total output drops: 0
          Queuing strategy: fifo
          Output queue :0/40 (size/max)
          5 minute input rate 0 bits/sec, 0 packets/sec
          5 minute output rate 0 bits/sec, 0 packets/sec
             269 packets input, 71059 bytes, 0 no buffer
             Received 6 broadcasts, 0 runts, 0 giants, 0 throttles
             0 input errors, 0 CRC, 0 frame, 0 overrun, 0 ignored
             7290 packets output, 429075 bytes, 0 underruns
             0 output errors, 3 interface resets
             0 output buffer failures, 0 output buffers swapped out
       
       Based on the output, you can determine that the Port-Channel 1 interface is now in the up/up state. This is because the configuration on Switch1 is now capable of negotiating LACP with the configuration on Switch2, which is still operating in the LACP passive state.
      
     
     
      
       On Switch1, you should issue the following commands to display the EtherChannel summary: 
       
        Switch1#show etherchannel summary
        Flags:  D - down        P - bundled in port-channel
                I - stand-alone s - suspended
                H - Hot-standby (LACP only)
                R - Layer3      S - Layer2
                U - in use      f - failed to allocate aggregator
                M - not in use, minimum links not met
                u - unsuitable for bundling
                w - waiting to be aggregated
                d - default port
        Number of channel-groups in use: 1
        Number of aggregators:           1
        Group  Port-channel  Protocol    Ports
        ------+-------------+-----------+------------------------------
        1      Po1(SU)         LACP      Fa0/1(P)   Fa0/2(P)   Fa0/3(P)   Fa0/4(P)   
       
       The Po1 interface is now in the up state
      (SU), also known as ""in use."" The four FastEthernet ports are all bundled into the Po1 interface (P).
      
     
     
      
       On Switch2, you should issue the following commands to display the spanning tree configuration:
       
        Switch2(config-if-range)#end
        Switch2#show spanning-tree
        VLAN0001
          Spanning tree enabled protocol pvst
          Root ID    Priority    32769
                     Address     000C.1289.3959
                     Cost        19
                     Hello Time   2 sec  Max Age 20 sec  Forward Delay 15 sec
          Bridge ID  Priority    32769
                     Address     000C.1380.3538
                     Hello Time   2 sec  Max Age 20 sec  Forward Delay 15 sec
                     Aging Time 15
        Interface           Role Sts Cost      Prio.Nbr Type
        ------------------- ---- --- --------- -------- --------------------------------
        Po1                 Root FWD 19        128.16   P2p
       
       The output indicates that only one interface, Port-Channel 1, is forwarding. This is because the four physical FastEthernet interfaces are now bundled into a single virtual interface. Only the virtual interface is displayed in the spanning tree output.
      
     
     
      
       On Switch2, you should issue the following commands to display interface information about Port-Channel1: 
       
        Switch2#show interface port-channel 1
        Port-channel1 is up, line protocol is up
          Hardware is EtherChannel, address is 000C.9155.1723 (bia 000C.9155.1723)
          MTU 1500 bytes, BW 400000 Kbit, DLY 100 usec,
             reliability 255/255, txload 1/255, rxload 1/255
          Auto-duplex, Auto-speed
          Members in this channel:  Fa0/1 Fa0/2 Fa0/3 Fa0/4
          Encapsulation ARPA, loopback not set
          ARP type: ARPA, ARP Timeout 04:00:00
          Last input 02:29:44, output never, output hang never
          Last clearing of ""show interface"" counters never
          Input queue: 0/75/0/0 (size/max/drops/flushes); Total output drops: 0
          Queuing strategy: fifo
          Output queue :0/40 (size/max)
          5 minute input rate 0 bits/sec, 0 packets/sec
          5 minute output rate 0 bits/sec, 0 packets/sec
             269 packets input, 71059 bytes, 0 no buffer
             Received 6 broadcasts, 0 runts, 0 giants, 0 throttles
             0 input errors, 0 CRC, 0 frame, 0 overrun, 0 ignored
             7290 packets output, 429075 bytes, 0 underruns
             0 output errors, 3 interface resets
             0 output buffer failures, 0 output buffers swapped out
       
       The Port-Channel 1 interface is using 400 Mbps of bandwidth, which is equivalent to four individual FastEthernet interfaces.
Sample Configuration Scripts
    
    
     
      
       Switch1
      
     
     
      
       
        
         Version 15.b
         service timestamps debug uptime
         service timestamps log uptime
         no service password-encryption
         !
         hostname Switch1
         !
         ip subnet-zero
         !
         ip cef
         no ip domain-lookup
         spanning-tree mode pvst
         spanning-tree extend system-id
         !
         interface Port-channel1
         !
         interface FastEthernet0/1
          channel-group 1 mode active
         !
         interface FastEthernet0/2
          channel-group 1 mode active
         !
         interface FastEthernet0/3
          channel-group 1 mode active
         !
         interface FastEthernet0/4
          channel-group 1 mode active
         !
         interface FastEthernet0/5
         !
         interface FastEthernet0/6
         !
         interface FastEthernet0/7
         !
         interface FastEthernet0/8
         !
         interface FastEthernet0/9
         !
         interface FastEthernet0/10
         !
         interface FastEthernet0/11
         !
         interface FastEthernet0/12
         !
         interface GigabitEthernet0/1
         !
         interface GigabitEthernet0/2
         !
         !
         interface Vlan 1
          no ip address
          no ip route-cache
         !
         ip classless
         no ip http server
         !
         line con 0
         line aux 0
         line vty 0 15
          login 
         !
         no scheduler allocate
         end
Copyright © 1996 - 2026 Boson Software, LLC. All rights reserved. NetSim software and documentation are protected by copyright law.","Task 1: Review Initial Configurations | Task 2: Configure Layer 2 EtherChannel by Using LACP"
"Configure Layer 3 EtherChannel LACP and Load Balancing","EtherChannel can be used to provide high-bandwidth, redundant links between switches. Link aggregation is performed by either Port Aggregation Protocol (PAgP) or Link Aggregation Control Protocol (LACP). PAgP is a Cisco-proprietary protocol, and LACP is a standards-based protocol.
In this lab, you will learn how to create a Layer 3 EtherChannel by using LACP. You will also learn how to configure the load balancing method that is used on an EtherChannel.","Command
      Description
     
    
    
     
      configure terminal
      enters global configuration mode from privileged EXEC mode
     
     
      channel-group channel-group-number mode {auto [non-silent] | desirable [non-silent] | on | active | passive}
      assigns an interface to an EtherChannel group
     
     
      enable
      enters privileged EXEC mode
     
     
      end
      ends and exits configuration mode
     
     
      interface type number
      changes from global configuration mode to interface configuration mode
     
     
      interface range type starting-port - ending-port
      configures a range of interfaces
     
     
      ip address ip-address subnet-mask
      assigns an IP address and subnet mask to an interface
     
     
      ip routing
      enables Layer 3 routing on a switch
     
     
      ping ip-address
      sends an Internet Control Message Protocol (ICMP) Echo Request to the specified address
     
     
      port-channel load-balance {dst-ip | dst-mac | src-dst-ip | src-dst-mac | src-ip | src-mac}
      configures the load balancing method used by EtherChannel
     
     
      show etherchannel [channel-group-number] {detail | load-balance | port | port-channel | summary | protocol}
      displays EtherChannel information
     
     
      show interfaces [type number]
      displays interface statistics
     
     
      show running-config
      displays the active configuration file
     
     
      switchport; no switchport
      configures a switch interface to be a switchport; configures a switch interface to be a routed port
The IP addresses and subnet masks that will be used in this lab are shown in the following tables:","Task 1: Configure Layer 3 | Task 2: Configure Layer 3 EtherChannel by Using LACP | Task 3: Configure EtherChannel Load Balancing"
"Explore Spanning Tree Protocol Port Roles","Spanning Tree Protocol (STP) is a Layer 2 protocol that is used to prevent switching loops from occurring on a network with redundant links. This process prevents the flooding of multiple copies of the same packet across a network by placing switch ports into either a forwarding state or a blocking state. Ports in the forwarding state will forward packets to the rest of the network. Ports in the blocking state will not forward packets.
     When a switch powers up, it will broadcast bridge protocol data units (BPDUs) to determine which device has the lowest bridge ID (BID). The switch with the lowest BID will be elected as the root bridge. Ports on other switches will be blocked based on their distance from the root bridge.
     In this lab, you will learn how to determine the root bridge. You will also learn about the root, designated, and alternate port roles. Finally, you will learn how to influence the STP root bridge election process.","Command
      Description
     
    
    
     
      configure terminal
      enters global configuration mode from privileged EXEC mode
     
     
      enable
      enters privileged EXEC mode
     
     
      exit
      exits one level in the menu structure
     
     
      show running-config
      displays the active configuration file
     
     
      show spanning-tree
      displays parameters for all virtual local area networks (VLANs); contains the VLAN name, status, and ports assigned to it
     
     
      spanning-tree vlan vlan-id priority value
      sets the spanning tree priority value; value must be a multiple of 4096
     
     
      spanning-tree vlan vlan-id root primary
      configures the spanning tree priority value to ensure the switch becomes the root bridge
The IP addresses and subnet masks that will be used in this lab are shown in the following tables:","Task 1: Determine the STP Root Bridge | Task 2: Determine STP Port Roles | Task 3: Influence the STP Root Bridge Election Process"
"Explore Spanning Tree Protocol Port States and PortFast","When a switch powers up, it will transition through a series of Spanning Tree Protocol (STP) port states: blocking, listening, learning, forwarding, and disabled. The complete STP cycle takes approximately 30 to 50 seconds; the time necessary to complete the STP process is known as convergence. The length of convergence is heavily influenced by STP timer values.
     PortFast is a feature that provides immediate network accessibility for edge ports, which are ports that are connected to computers, printers, and servers. PortFast transitions the port into the STP forwarding state without transitioning through the listening and learning states. However, PortFast should never be enabled on a port that is connected to another switch; otherwise, the potential for creating spanning tree loops significantly increases. To avoid this problem, Cisco recommends that BPDU guard be enabled on ports that have been enabled with PortFast.
     In this lab, you will watch a port transition through the STP port states. You will also learn how to understand and verify STP timer values. You will learn how to configure PortFast and verify its operation. Finally, you will learn how to configure BPDU guard on an interface.","Command
      Description
     
    
    
     
      configure terminal
      enters global configuration mode from privileged EXEC mode
     
     
      enable
      enters privileged EXEC mode
     
     
      exit
      exits one level in the menu structure
     
     
      show running-config
      displays the active configuration file
     
     
      show spanning-tree
      displays parameters for all virtual local area networks (VLANs); contains the VLAN name, status, and ports assigned to it
     
     
      shutdown; no shutdown
      disables an interface; enables an interface
     
     
      spanning-tree portfast
      enables PortFast on an interface
     
     
      spanning-tree bpduguard enable
      enables BPDU guard on an interface
The IP addresses and subnet masks that will be used in this lab are shown in the following tables:","Task 1: Explore STP Port States | Task 2: Verify STP Timer Values | Task 3: Configure and Verify PortFast and BPDU Guard"
"Configure a Wireless LAN by Using the WLC GUI","In this lab, you will learn how to connect to the configuration interface of a Cisco 9800 wireless LAN controller (WLC). You will learn how to use the basic wireless network setup to create your location and wireless local area network (WLAN). You will also learn how to configure Dynamic Host Configuration Protocol (DHCP) settings for your WLAN.
     For this lab, your network topology will include a Catalyst 3550 switch named WSW, a WLC named WLC, a lightweight access point (AP) named AP, and a PC named PC-Admin. WLC, AP, and PC-Admin are each connected to WSW via FastEthernet ports. This lab will not involve configuring any devices but instead will guide you through the steps for configuring the WLC by using screenshots from real-world hardware.","","Task 1: Access the WLC Configuration GUI | Task 2: Configure a Basic WLAN | Task 3: Configure DHCP for a WLAN"
"Implement InterVLAN Routing","InterVLAN routing is the process of forwarding traffic from a device that resides in one virtual local area network (VLAN) to a device that resides in another. Without interVLAN routing, a device can communicate only with other devices that reside in the same VLAN. Therefore, configuring devices to reside in a VLAN is similar to physically connecting devices to a single unmanaged switch or hub without a router. In this lab, you will implement interVLAN routing so that devices that are configured to operate in VLAN 100, VLAN 200, and VLAN 300 can communicate with each other.","Command
      Description
     
    
    
     
      configure terminal
      enters global configuration mode from privileged EXEC mode
     
     
      description string
      string description of the interface configuration
     
     
      enable
      enters privileged EXEC mode
     
     
      end
      ends and exits configuration mode
     
     
      encapsulation dot1q vlan-id
      configures a router interface to use 802.1Q encapsulation for the specified VLAN ID
     
     
      exit
      exits one level in the menu structure
     
     
      interface type number
      changes from global configuration mode to interface configuration mode
     
     
      interface type number subinterface-id
      creates a subinterface
     
     
      ip address ip-address subnet-mask
      assigns an IP address and subnet mask to an interface
     
     
      ipconfig /dg ip-address
      is used in NetSim to assign a default gateway IP address to a workstation interface
     
     
      ipconfig /ip ip-address subnet-mask
      is used in NetSim to assign an IP address and subnet mask to a workstation interface
     
     
      ping ip-address
      sends an Internet Control Message Protocol (ICMP) Echo Request to the specified address
     
     
      show interfaces trunk
      displays port and module interface-trunk information
     
     
      show ip interface brief
      displays a brief summary of interface status and configuration
     
     
      show vlan
      displays VLAN information
     
     
      no shutdown
      enables an interface
The IP addresses used in this lab are shown in the tables below.","Task 1: Configure VLAN Connectivity | Task 2: Configure InterVLAN Routing"
"Implement CDP and LLDP","Cisco Discovery Protocol (CDP) is a Cisco-proprietary Layer 2 protocol that collects information about neighboring Cisco devices in a topology. Link-Layer Discovery Protocol (LLDP) is similar to CDP in function. However, LLDP is an Internet Engineering Task Force (IETF) standard. Therefore, LLDP can collect information about neighboring devices by manufacturers other than Cisco if those devices are also running LLDP. In this lab, you will explore the differences between CDP and LLDP. In addition, you will configure both technologies.","Command
      Summary
     
    
    
     
      cdp enable; no cdp enable
      enables CDP on an interface; disables CDP on an interface
     
     
      cdp holdtime seconds
      specifies the number of seconds that a device will retain a CDP entry before discarding it
     
     
      cdp run; no cdp run
      enables CDP globally; disables CDP globally
     
     
      cdp timer seconds
      specifies the number of seconds between CDP advertisements
     
     
      configure terminal
      enters global configuration mode from privileged EXEC mode
     
     
      enable
      enters privileged EXEC mode
     
     
      end
      ends and exits configuration mode
     
     
      interface type number
      changes from global configuration mode to interface configuration mode
     
     
      interface range fastethernet slot/starting-port - ending-port
      configures a range of interfaces
     
     
      lldp holdtime seconds
      specifies the number of seconds that a device will retain an LLDP entry before discarding it
     
     
      lldp run; no lldp run
      enables LLDP globally; disables LLDP globally
     
     
      lldp receive; no lldp receive
      enables LLDP reception on an interface; disables LLDP reception on an interface
     
     
      lldp timer seconds
      specifies the number of seconds between LLDP advertisements
     
     
      lldp transmit; no lldp transmit
      enables LLDP transmission on an interface; disables LLDP transmission on an interface
     
     
      show cdp
      displays global CDP information
     
     
      show cdp entry [* | hostname]
      displays CDP information about a specific CDP neighbor
     
     
      show cdp interface [interface-id]
      displays CDP information for each local interface
     
     
      show cdp neighbors
      displays information about directly connected Cisco devices
     
     
      show cdp neighbors detail
      displays detailed information about directly connected Cisco devices
     
     
      show cdp traffic
      displays CDP traffic information
     
     
      show lldp
      displays global LLDP information
     
     
      show lldp interface [interface-id]
      displays LLDP information for each local interface
     
     
      show lldp neighbors
      displays information about directly connected network devices
     
     
      show lldp neighbors detail
      displays detailed information about directly connected network devices
     
     
      show running-config
      displays the active configuration file
The IP addresses used in this lab are shown in the tables below.","Task 1: Explore and Configure CDP | Task 2: Explore and Configure LLDP"
"Implement PVST+","Per-VLAN Spanning Tree Protocol (PVST) is a Cisco-proprietary protocol that enables a separate spanning tree to be established for each virtual local area network (VLAN). Because PVST can be used to enable separate spanning tree instances per VLAN, the switches in the topology can assume different roles. However, PVST is not capable of using 802.1Q encapsulation to tunnel traffic on a Cisco switch. Spanning Tree Protocol (STP) and PVST+, on the other hand, can both use 802.1Q encapsulation to tunnel traffic on a Cisco switch.
     Rapid-PVST+ implements separate RSTP instances per VLAN. You will not configure Rapid-PVST+ in this lab. However, you will examine and configure a switched network that implements PVST+. You will also compare PVST+ to Rapid-PVST+.","Command
      Description
     
    
    
     
      configure terminal
      enters global configuration mode from privileged EXEC mode
     
     
      enable
      enters privileged EXEC mode
     
     
      end
      ends and exits configuration mode
     
     
      exit
      exits one level in the menu structure
     
     
      interface type number
      changes from global configuration mode to interface configuration mode
     
     
      show running-config
      displays the active configuration file
     
     
      show spanning-tree
      displays parameters for all VLANs; contains the VLAN name, status, and ports assigned to it
     
     
      shutdown; no shutdown
      disables an interface; enables an interface
     
     
      spanning-tree portfast
      enables PortFast on an interface
     
     
      spanning-tree vlan vlan-id priority value
      sets the spanning tree priority value; value must be a multiple of 4096
     
     
      spanning-tree vlan vlan-id root primary
      configures the spanning tree priority value to ensure the switch becomes the root bridge
     
     
      spanning-tree vlan vlan-id root secondary
      configures the spanning tree priority value to ensure the switch becomes the secondary root bridge
The IP addresses used in this lab are shown in the tables below.","Task 1: Explore PVST+ Port Roles, and Configure the Root Bridge | Task 2: Explore PVST+ Port States, and Configure PortFast"
"Boson CCNA Challenge Lab 2","In this lab, you will configure a network in which packets are routed between two separate virtual local area networks (VLANs). When your work is complete, you should be able to ping every device on each LAN from Host1 by using an Internet Protocol version 4 (IPv4) address. This lab requires you to know how to configure IP addresses, configure Cisco Discovery Protocol (CDP) and Link Layer Discovery Protocol (LLDP), configure access ports and trunk ports, understand Rapid-Per-VLAN Spanning Tree Protocol+ (Rapid-PVST+), configure VLAN Trunking Protocol (VTP), configure EtherChannel with Link Aggregation Control Protocol (LACP), and configure interVLAN routing. Ideally, you should complete this lab only after you have completed other labs that cover this material.","Command
      Description
     
    
    
     
      channel-group channel-group-number mode {auto [non-silent] | desirable [non-silent] | on | active | passive}
      assigns an interface to an EtherChannel group
     
     
      configure terminal
      enters global configuration mode from privileged EXEC mode
     
     
      copy running-config startup-config
      saves the configuration file
     
     
      enable
      enters privileged EXEC mode
     
     
      encapsulation dot1q vlan-id
      configures a router interface to use 802.1Q encapsulation for the specified VLAN ID
     
     
      end
      ends and exits configuration mode
     
     
      exit
      exits one level in the menu structure
     
     
      interface type number
      changes from global configuration mode to interface configuration mode
     
     
      interface type number subinterface-id
      creates a subinterface
     
     
      interface range type starting-port - ending-port
      configures a range of interfaces
     
     
      ip address ip-address subnet-mask
      assigns an IP address and subnet mask to an interface
     
     
      ipconfig /dg ip-address
      is used in NetSim to assign a default gateway IP address to a workstation interface
     
     
      ipconfig /ip ip-address subnet-mask
      is used in NetSim to assign an IP address and subnet mask to a workstation interface
     
     
      lldp run; no lldp run
      enables LLDP globally; disables LLDP globally
     
     
      name vlan-name
      configures a name for a VLAN
     
     
      ping ip-address
      sends an Internet Control Message Protocol (ICMP) Echo Request to the specified address
     
     
      show cdp neighbors
      displays information about directly connected Cisco neighbors
     
     
      show etherchannel [channel-group-number] {detail | load-balance | port | port-channel | summary | protocol}
      displays EtherChannel information
     
     
      show interfaces [type number]
      displays interface statistics
     
     
      show interfaces [type number] trunk
      displays interface trunk information
     
     
      show lldp neighbors
      displays information about directly connected network devices
     
     
      show running-config
      displays the active configuration file
     
     
      show spanning-tree
      displays the spanning tree configuration
     
     
      show vlan 
      displays parameters for all VLANs; contains the VLAN name, status, and ports assigned to it
     
     
      show vtp status
      displays the current VTP status
     
     
      shutdown; no shutdown
      disables an interface; enables an interface
     
     
      spanning-tree portfast
      enables PortFast on an interface
     
     
      spanning-tree vlan vlan-id root primary
      configures the spanning tree priority value to ensure the switch becomes the root bridge
     
     
      switchport access vlan vlan-id
      assigns an access port to a VLAN
     
     
      switchport mode access
      configures an interface as an access port
     
     
      switchport mode {trunk | dynamic auto | dynamic desirable}
      configures the DTP mode for an interface
     
     
      switchport nonegotiate
      disables DTP on an interface
     
     
      switchport trunk encapsulation dot1q
      configures an interface to use 802.1Q encapsulation
     
     
      vlan number [name vlan-name]
      creates or configures a VLAN with an optional name
     
     
      vtp domain domain-name
      assigns the VTP domain name
     
     
      vtp mode {server | transparent | client}
      configures the VTP mode
The IPv4 addresses used in this lab are shown in the tables below.","Task 1: Configure the Basic Layer 2 Network | Task 2: Configure the Advanced Layer 2 Network | Task 3: Configure the Layer 3 Network"
"Explore the Routing Table","An Internet Protocol version 4 (IPv4) routing table contains lists of the routes that have been configured on or have been learned by the router. In this lab, you will learn to interpret the output of an IPv4 routing table. In addition, you will learn how and why changes to routing tables occur.","Command
      Description
     
    
    
     
      configure terminal
      enters global configuration mode from privileged EXEC mode
     
     
      enable
      enters privileged EXEC mode
     
     
      end
      ends and exits configuration mode
     
     
      exit
      exits one level in the menu structure
     
     
      interface type number
      changes from global configuration mode to interface configuration mode
     
     
      show ip route
      displays the IPv4 routing table
     
     
      shutdown; no shutdown
      disables an interface; enables an interface
The IP addresses and subnet masks used in this lab are shown in the tables below:","Task 1: Explore the IPv4 Routing Table | Task 2: Modify the IPv4 Routing Table"
"Route Selection by Using Administrative Distance","The level of trustworthiness that is assigned to a specific path on a router is known as administrative distance (AD). For example, by default, static routes to a given destination are considered more trustworthy than routes that are learned dynamically. In this lab, you will learn how trustworthiness as determined by AD affects route selection. You will also learn how to influence trustworthiness by modifying AD.","Command
      Description
     
    
    
     
      configure terminal
      enters global configuration mode from privileged EXEC mode
     
     
      enable
      enters privileged EXEC mode
     
     
      end
      ends and exits configuration mode
     
     
      exit
      exits one level in the menu structure
     
     
      ip route prefix mask {address | interface} [distance]
      establishes static routes
     
     
      show ip route
      displays the Internet Protocol version 4 (IPv4) routing table
     
     
      traceroute ip-address
      displays a hop-by-hop path through an Internet Protocol (IP) network
The IP addresses and subnet masks used in this lab are shown in the tables below:","Task 1: Explore AD in the IPv4 Routing Table | Task 2: Modify Router Selection by Using AD"
"Route Selection by Using Routing Protocol Metric","If a router knows two paths to the same destination and those paths were generated by using the same dynamic routing protocol, the router relies on other values such as bandwidth or hop count to calculate the best path. These secondary values are known as metrics. Each routing protocol uses a different metric or set of metrics to calculate the best path to a destination network. In this lab, you will learn how Open Shortest Path First (OSPF) calculates a metric to determine the best path to a destination. You will also learn how to influence route selection by modifying the metric.","Command
      Description
     
    
    
     
      configure terminal
      enters global configuration mode from privileged EXEC mode
     
     
      enable
      enters privileged EXEC mode
     
     
      end
      ends and exits configuration mode
     
     
      exit
      exits one level in the menu structure
     
     
      interface type number
      changes from global configuration mode to interface configuration mode
     
     
      ip ospf cost {cost}
      changes the default OSPF cost value for an interface
     
     
      show ip route
      displays the Internet Protocol version 4 (IPv4) routing table
     
     
      traceroute ip-address
      displays a hop-by-hop path through an Internet Protocol (IP) network
The IP addresses and subnet masks used in this lab are shown in the tables below:","Task 1: Explore Metric in the IPv4 Routing Table | Task 2: Modify Router Selection by Using Routing Protocol Metric"
"Manually Configure Default Routes on IPv4 Networks","A default route is used to send packets that are destined for a location that is not listed elsewhere in the routing table. If a router were required to store a specific route to every destination network on the Internet, routing tables would grow exponentially and router performance would deteriorate. Default routes help keep routing tables small. A default route is also known as a gateway of last resort, or a default gateway. In this lab, you will learn to manually configure default routes on Cisco routers and switches.","Command
      Description
     
    
    
     
      configure terminal
      enters global configuration mode from privileged EXEC mode
     
     
      enable
      enters privileged EXEC mode
     
     
      end
      ends and exits configuration mode
     
     
      exit
      exits one level in the menu structure
     
     
      ip default-gateway ip-address
      configures a default gateway Internet Protocol (IP) address to which traffic destined to remote networks will be forwarded
     
     
      ip route destination-prefix destination-prefix-mask {ip-address | interface-type [ip-address]}
      establishes a static route
     
     
      ping ip-address
      sends an Internet Control Message Protocol (ICMP) Echo Request to the specified address
     
     
      show ip route
      displays the IP version 4 (IPv4) routing table
The IP addresses and subnet masks used in this lab are shown in the tables below:","Task 1: Manually Configure Default Routes on Cisco Routers | Task 2: Manually Configure Default Routes on Cisco Switches"
"Manually Configure Default Routes on IPv6 Networks","A default route is used to send packets that are destined for a location that is not listed elsewhere in the routing table. If a router were required to store a specific route to every destination network on the Internet, routing tables would grow exponentially and router performance would deteriorate. Similar to default routes in Internet Protocol version 4 (IPv4), default routes in IP version 6 (IPv6) help keep routing tables small. In this lab, you will learn to manually configure IPv6 default routes on Cisco routers.","Command
      Description
     
    
    
     
      configure terminal
      enters global configuration mode from privileged EXEC mode
     
     
      enable
      enters privileged EXEC mode
     
     
      end
      ends and exits configuration mode
     
     
      exit
      exits one level in the menu structure
     
     
      interface type/number
      changes from global configuration mode to interface configuration mode
     
     
      ipv6 address address/prefix-length
      configures an IPv6 address for an interface
     
     
      ipv6 route ipv6-prefix / prefix-length ipv6-address [administrative-distance]
      establishes an IPv6 static route
     
     
      ping ip-address
      sends an Internet Control Message Protocol (ICMP) Echo Request to the specified address
     
     
      show ipv6 interface brief
      displays a summary of IPv6 interfaces
     
     
      show ipv6 route
      displays the IPv6 routing table
     
     
      shutdown; no shutdown
      disables and enables a network interface
The IP addresses and subnet masks used in this lab are shown in the tables below:","Task 1: Manually Configure IPv6 Addresses on Router Interfaces | Task 2: Manually Configure IPv6 Default Routes on Cisco Routers | Task 2: Manually Configure Default Routes on Cisco Routers"
"Manually Configure Network Routes on IPv4 Networks","Similar to a default route, a manually configured network route is a static route that is used to send packets that are destined for a location that is not listed elsewhere in the routing table. Unlike default routes, a network route defines a specific path for the router to use to send packets that are destined for a specific network, not any unknown network. By default, a static route is considered less trustworthy than a route to a network that is directly connected to the router and more trustworthy than a route that has been learned dynamically. One use for a static route might be to enable an Internet service provider (ISP) router to communicate with hosts inside a corporate network. In this lab, you will learn to manually configure network routes on Cisco routers and Layer 3 switches.","Command
      Description
     
    
    
     
      configure terminal
      enters global configuration mode from privileged EXEC mode
     
     
      enable
      enters privileged EXEC mode
     
     
      end
      ends and exits configuration mode
     
     
      exit
      exits one level in the menu structure
     
     
      ip route destination-prefix destination-prefix-mask {ip-address | interface-type [ip-address]}
      establishes a static route
     
     
      ping ip-address
      sends an Internet Control Message Protocol (ICMP) Echo Request to the specified address
     
     
      show ip route
      displays the IPv4 routing table
The IP addresses and subnet masks used in this lab are shown in the tables below:","Task 1: Manually Configure Network Routes on Cisco Routers"
"Manually Configure Network Routes on IPv6 Networks","Similar to a default route, a manually configured Internet Protocol version 6 (IPv6) network route is a static route that is used to send packets that are destined for a location that is not listed elsewhere in the routing table. Unlike default routes, a network route defines a specific path for the router to use to send packets that are destined for a specific network, not any unknown network. By default, a static route is considered less trustworthy than a route to a network that is directly connected to the router and more trustworthy than a route that has been learned dynamically. One use for a static route might be to enable an Internet service provider (ISP) router to communicate with hosts inside a corporate network. In this lab, you will learn to manually configure IPv6 network routes on Cisco routers.","Command
      Description
     
    
    
     
      configure terminal
      enters global configuration mode from privileged EXEC mode
     
     
      enable
      enters privileged EXEC mode
     
     
      end
      ends and exits configuration mode
     
     
      exit
      exits one level in the menu structure
     
     
      interface type/number
      changes from global configuration mode to interface configuration mode
     
     
      ipv6 address address/prefix-length
      configures an IPv6 address for an interface
     
     
      ipv6 route ipv6-prefix / prefix-length ipv6-address [administrative-distance]
      establishes an IPv6 static route
     
     
      ping ip-address
      sends an Internet Control Message Protocol (ICMP) Echo Request to the specified address
     
     
      show ipv6 interface brief
      displays a summary of IPv6 interfaces
     
     
      show ipv6 route
      displays the IPv6 routing table
     
     
      shutdown; no shutdown
      disables and enables a network interface
The IP addresses and subnet masks used in this lab are shown in the tables below:","Task 1: Manually Configure IPv6 Addresses on Router Interfaces | Task 2: Manually Configure IPv6 Network Routes on Cisco Routers"
"Manually Configure Host Routes on IPv4 Networks","Similar to a network route, a manually configured host route is a static route that is used to send packets that are destined for a location that is not listed elsewhere in the routing table. Unlike default routes and network routes, a host route defines a path for the router to use to send packets that are destined for a specific endpoint destination, not any unknown network or specific subnet. By default, a static route is considered less trustworthy than a route to a network that is directly connected to the router and more trustworthy than a route that has been learned dynamically. One use for a host route might be to enable an Internet service provider (ISP) router to communicate with a specific host inside a corporate network. In this lab, you will learn to manually configure host routes on Cisco routers and Layer 3 switches.","Command
      Description
     
    
    
     
      configure terminal
      enters global configuration mode from privileged EXEC mode
     
     
      enable
      enters privileged EXEC mode
     
     
      end
      ends and exits configuration mode
     
     
      exit
      exits one level in the menu structure
     
     
      ip route destination-prefix destination-prefix-mask {ip-address | interface-type [ip-address]}
      establishes a static route
     
     
      ping ip-address
      sends an Internet Control Message Protocol (ICMP) Echo Request to the specified address
     
     
      show ip route
      displays the Internet Protocol version 4 (IPv4) routing table
The IP addresses and subnet masks used in this lab are shown in the tables below:","Task 1: Manually Configure Host Routes on Cisco Routers"
"Manually Configure Host Routes on IPv6 Networks","Similar to a network route, a manually configured Internet Protocol version 6 (IPv6) host route is a static route that is used to send packets that are destined for a location that is not listed elsewhere in the routing table. Unlike default routes and network routes, a host route defines a path for the router to use to send packets that are destined for a specific endpoint destination, not any unknown network or specific subnet. By default, a static route is considered less trustworthy than a route to a network that is directly connected to the router and more trustworthy than a route that has been learned dynamically. One use for a host route might be to enable an Internet service provider (ISP) router to communicate with a specific host inside a corporate network. In this lab, you will learn to manually configure IPv6 host routes on Cisco routers.","Command
      Description
     
    
    
     
      configure terminal
      enters global configuration mode from privileged EXEC mode
     
     
      enable
      enters privileged EXEC mode
     
     
      end
      ends and exits configuration mode
     
     
      exit
      exits one level in the menu structure
     
     
      interface type/number
      changes from global configuration mode to interface configuration mode
     
     
      ipv6 address address/prefix-length
      configures an IPv6 address for an interface
     
     
      ipv6 route ipv6-prefix / prefix-length ipv6-address [administrative-distance]
      establishes an IPv6 static route
     
     
      ping ip-address
      sends an Internet Control Message Protocol (ICMP) Echo Request to the specified address
     
     
      show ipv6 interface brief
      displays a summary of IPv6 interfaces
     
     
      show ipv6 route
      displays the IPv6 routing table
     
     
      shutdown; no shutdown
      disables and enables a network interface
The IP addresses and subnet masks used in this lab are shown in the tables below:","Task 1: Manually Configure IPv6 Addresses on Router Interfaces | Task 2: Manually Configure IPv6 Host Routes on Cisco Routers"
"Configure OSPFv2 Adjacencies","Before routers in an Open Shortest Path First (OSPF) area can exchange information, they must establish a neighbor relationship, which is also known as an adjacency. An OSPF router that has not yet exchanged information with a potential neighbor is considered to be in the Down neighbor state. OSPF routers establish adjacencies by sending Hello packets. In this lab, you will implement, verify, and explore OSPF adjacencies.","Command
      Description
     
    
    
     
      configure terminal
      enters global configuration mode from privileged EXEC mode
     
     
      enable
      enters privileged EXEC mode
     
     
      end
      ends and exits configuration mode
     
     
      exit
      exits one level in the menu structure
     
     
      interface type number
      changes from global configuration mode to interface configuration mode
     
     
      ip ospf process-id area area-id
      places an interface in a specified OSPF process and area
     
     
      network network-address wildcard-mask area area-id
      activates OSPF on the specified network and places the matching interface in the specified area
     
     
      ping ip-address
      sends an Internet Control Message Protocol (ICMP) Echo Request to the specified address
     
     
      router ospf process-id
      enters router configuration mode for an OSPF process
     
     
      show ip ospf interface [type number] [brief]
      displays OSPF interface information
     
     
      show ip ospf [process-id [area-id]] neighbor
      displays OSPF neighbor information
     
     
      show running-config
      displays the active configuration file
The IP addresses and subnet masks used in this lab are shown in the table below:","Task 1: Configure and Verify OSPF"
"Configure Point-to-Point OSPFv2","A point-to-point leased line is one of the most common wide area network (WAN) connections. This type of connection uses a Serial interface to connect through a service provider to another Serial device at a remote location. Open Shortest Path First (OSPF) behaves differently over point-to-point links between routers than it does over point-to-multipoint or local area network (LAN) links. In this lab, you will configure OSPF over point-to-point links.","Command
      Description
     
    
    
     
      configure terminal
      enters global configuration mode from privileged EXEC mode
     
     
      enable
      enters privileged EXEC mode
     
     
      end
      ends and exits configuration mode
     
     
      exit
      exits one level in the menu structure
     
     
      interface type number
      changes from global configuration mode to interface configuration mode
     
     
      ip ospf process-id area area-id
      places an interface in a specified OSPF process and area
     
     
      network network-address wildcard-mask area area-id
      activates OSPF on the specified network and places the matching interface in the specified area
     
     
      ping ip-address
      sends an Internet Control Message Protocol (ICMP) Echo Request to the specified address
     
     
      router ospf process-id
      enters router configuration mode for an OSPF process
     
     
      show interfaces interface-name type/number
      displays detailed information about an interface
     
     
      show ip interface brief
      displays a summary of interfaces on the device
     
     
      show ip ospf
      displays information about the OSPF process running on the device
     
     
      show ip ospf interface [type number] [brief]
      displays OSPF interface information
     
     
      show ip ospf [process-id [area-id]] neighbor
      displays OSPF neighbor information
     
     
      show running-config
      displays the active configuration file
The IP addresses and subnet masks used in this lab are shown in the table below:","Task 1: Configure OSPF"
"Explore OSPFv2 DR and BDR Router Selection","Open Shortest Path First version 2 (OSPFv2) is the version of the Open Shortest Path First (OSPF) routing protocol that runs on Internet Protocol version 4 (IPv4) networks. This is in contrast to OSPF version 3 (OSPFv3), which runs on IP version 6 (IPv6) networks. OSPF handles router elections, timer settings, and neighbor adjacencies differently depending on the type of interface through which an OSPF router connects to its neighbors. Broadcast interfaces are typically found on Ethernet networks. Broadcast interfaces can find OSPF neighbors automatically. Router elections for designated router (DR) and backup designated router (BDR) are performed on broadcast networks. In this lab, you will explore OSPFv2 DR and BDR router selection on a broadcast network.","Command
      Description
     
    
    
     
      configure terminal
      enters global configuration mode from privileged EXEC mode
     
     
      clear ip ospf process
      stops and restarts the OSPF process
     
     
      enable
      enters privileged EXEC mode
     
     
      end
      ends and exits configuration mode
     
     
      exit
      exits one level in the menu structure
     
     
      interface type number
      changes from global configuration mode to interface configuration mode
     
     
      ip ospf process-id area area-id
      places an interface in a specified OSPF process and area
     
     
      ip ospf priority priority
      manually configures an OSPF router priority
     
     
      network network-address wildcard-mask area area-id
      activates OSPF on the specified network and places the matching interface in the specified area
     
     
      ping ip-address
      sends an Internet Control Message Protocol (ICMP) Echo Request to the specified address
     
     
      router-id ip-address
      assigns a router ID to an OSPF router
     
     
      router ospf process-id
      enters router configuration mode for an OSPF process
     
     
      show ip interface brief
      displays a summary of interfaces configured on the device
     
     
      show ip ospf
      displays information about the OSPF process running on the router
     
     
      show ip ospf interface [type number] [brief]
      displays OSPF interface information
     
     
      show ip ospf [process-id [area-id]] neighbor
      displays OSPF neighbor information
     
     
      show ip protocols
      displays information about active routing protocols
     
     
      show ip route
      displays the routing table
     
     
      show running-config
      displays the active configuration file
The IP addresses and subnet masks used in this lab are shown in the table below:","Task 1: Configure and Verify OSPF | Task 2: Explore DR and BDR Selection"
"Explore and Configure OSPFv2 Router IDs","The Open Shortest Path First (OSPF) router ID is used to uniquely identify each router on the network. Router IDs can be manually configured in OSPF router configuration mode. However, an OSPF router that is not manually configured with a router ID will perform a router ID selection process. In this lab, you will explore how OSPF chooses a router ID. In addition, you will manually configure an OSPF router ID.","Command
      Description
     
    
    
     
      configure terminal
      enters global configuration mode from privileged EXEC mode
     
     
      enable
      enters privileged EXEC mode
     
     
      end
      ends and exits configuration mode
     
     
      exit
      exits one level in the menu structure
     
     
      interface type number
      changes from global configuration mode to interface configuration mode
     
     
      ip ospf process-id area area-id
      places an interface in a specified OSPF process and area
     
     
      network network-address wildcard-mask area area-id
      activates OSPF on the specified network and places the matching interface in the specified area
     
     
      router ospf process-id
      enters router configuration mode for an OSPF process
     
     
      router-id ip-address
      configures a 32-bit dotted-decimal OSPF router ID
     
     
      show ip interface brief
      displays a summary of interfaces configured on the device
     
     
      show ip ospf
      displays information about the OSPF process running on the router
     
     
      show ip ospf interface [type number] [brief]
      displays OSPF interface information
     
     
      show ip ospf [process-id [area-id]] neighbor
      displays OSPF neighbor information
     
     
      show running-config
      displays the active configuration file
The IP addresses and subnet masks used in this lab are shown in the table below:","Task 1: Explore Router IP Configurations | Task 2: Configure and Verify OSPFv2"
"Plan and Configure Single-Area OSPF","Plan, implement, and verify Open Shortest Path First (OSPF) operation over local area network (LAN) interfaces.","Command
      Description
     
    
    
     
      configure terminal
      enters global configuration mode from privileged EXEC mode
     
     
      enable
      enters privileged EXEC mode
     
     
      end
      ends and exits configuration mode
     
     
      exit
      exits one level in the menu structure
     
     
      interface type number
      changes from global configuration mode to interface configuration mode
     
     
      ip address ip-address subnet-mask
      assigns an Internet Protocol (IP) address and subnet mask to an interface
     
     
      ip ospf priority number-value
      sets the router priority, which helps determine the designated router (DR) for the network
     
     
      network network-address wildcard-mask area area-id
      activates OSPF on the specified network and places the matching interface in the specified area
     
     
      ping ip-address
      sends an Internet Control Message Protocol (ICMP) Echo Request to the specified address
     
     
      router ospf process-id
      enters router configuration mode for an OSPF process
     
     
      show ip interface brief
      displays a brief summary of interface status and configuration
     
     
      show ip ospf [process-id [area-id]] database [router]
      displays the OSPF link state database
     
     
      show ip ospf interface [type number] [brief]
      displays OSPF interface information
     
     
      show ip route
      displays the Internet Protocol version 4 (IPv4) routing table
     
     
      show running-config
      displays the active configuration file
The IP addresses and subnet masks used in this lab are shown in the table below:","Task 1: Verify Initial Configurations | Task 2: Plan for OSPF | Task 3: Implement OSPF Configuration | Task 4: Verify OSPF"
"Explore HSRP","First-Hop Redundancy Protocols (FHRPs) are technologies that provide router redundancy and high availability (HA) for Cisco networks. There are a number of different FHRPs, each of which differs in scalability and support among vendors. One such FHRP is Hot Standby Router Protocol (HSRP). In this lab, you will explore an HSRP configuration in order to learn how HSRP behaves. You do not need to configure HSRP in this lab.","Command
      Description
     
    
    
     
      configure terminal
      enters global configuration mode from privileged EXEC mode
     
     
      enable
      enters privileged EXEC mode
     
     
      end
      ends and exits configuration mode
     
     
      exit
      exits one level in the menu structure
     
     
      interface type number
      changes from global configuration mode to interface configuration mode
     
     
      ping ip-address
      sends an Internet Control Message Protocol (ICMP) Echo Request to the specified address
     
     
      show ip interface brief
      displays a brief summary of interface status and configuration
     
     
      show standby
      displays HSRP information
     
     
      shutdown; no shutdown
      disables an interface; enables an interface 
     
     
      standby [group-number] ip [ip-address]
      creates or enables the HSRP group with a group number and virtual Internet Protocol (IP) address
     
     
      standby [group-number] preempt
      enables preemption for HSRP on a device
     
     
      standby [group-number] priority priority
      sets the priority value used in choosing the active router; the default value is 100, and the configurable priority value range is from 1 through 255, with 255 being the highest priority
The IP addresses and subnet masks used in this lab are shown in the table below:","Task 1: Explore HSRP"
"Explore VRRP","First-Hop Redundancy Protocols (FHRPs) are technologies that provide router redundancy and high availability (HA) for Cisco networks. There are a number of different FHRPs, each of which differs in scalability and support among vendors. One such FHRP is Virtual Router Redundancy Protocol (VRRP). Although similar to Cisco’s Hot Standby Router Protocol (HSRP) in function and configuration, VRRP is an open standard that was originally defined in Request for Comments (RFC) 2338 and then revisited in RFC 3768 and RFC 5798. RFC 5798 is often known as VRRP version 3 (VRRPv3). In this lab, you will explore a VRRP configuration in order to learn how VRRP behaves. You do not need to configure VRRP in this lab.","Command
      Description
     
    
    
     
      configure terminal
      enters global configuration mode from privileged EXEC mode
     
     
      enable
      enters privileged EXEC mode
     
     
      end
      ends and exits configuration mode
     
     
      exit
      exits one level in the menu structure
     
     
      interface type number
      changes from global configuration mode to interface configuration mode
     
     
      ping ip-address
      sends an Internet Control Message Protocol (ICMP) Echo Request to the specified address
     
     
      show ip interface brief
      displays a brief summary of interface status and configuration
     
     
      show vrrp
      displays HSRP information
     
     
      shutdown; no shutdown
      disables an interface; enables an interface 
     
     
      vrrp [group-number] ip [ip-address]
      creates or enables the HSRP group with a group number and virtual Internet Protocol (IP) address
     
     
      vrrp [group-number] preempt
      enables preemption for HSRP on a device
     
     
      vrrp [group-number] priority priority
      sets the priority value used in choosing the active router; the default value is 100, and the configurable priority value range is from 1 through 254; 255 is the highest priority, but 255 cannot be configured manually
The IP addresses and subnet masks used in this lab are shown in the table below:","Task 1: Explore VRRP"
"Implement Route Selection","Routers choose the best path to a destination by using a number of different methods, such as administrative distance (AD) and routing protocol metrics. The level of trustworthiness that is assigned to a specific path on a router is known as AD. For example, by default, static routes to a given destination are assigned an AD of 1 and are thus considered more trustworthy than routes that are learned dynamically. Dynamically learned routes typically have a higher AD depending on the routing protocol configured.
     If a router knows two paths to the same destination and those paths were generated by using the same dynamic routing protocol, the router relies on other values such as bandwidth or hop count to calculate the best path. These secondary values are known as metrics. Each routing protocol uses a different metric or set of metrics to calculate the best path to a destination network.
     In this lab, you will influence route selection both by using AD and by manually configuring Open Shortest Path First version 2 (OSPFv2) metrics.","Command
      Description
     
    
    
     
      configure terminal
      enters global configuration mode from privileged EXEC mode
     
     
      enable
      enters privileged EXEC mode
     
     
      end
      ends and exits configuration mode
     
     
      exit
      exits one level in the menu structure
     
     
      show running-config
      displays the active configuration file
     
     
      interface type number
      changes from global configuration mode to interface configuration mode
     
     
      ip ospf cost (cost)
      changes the default OSPF cost value for an interface
     
     
      ip route prefix mask {address | interface} [distance]
      establishes static routes
     
     
      show ip route
      displays the Internet Protocol version 4 (IPv4) routing table
     
     
      traceroute ip-address
      displays a hop-by-hop path through an Internet Protocol (IP) network
The IP addresses used in this lab are shown in the tables below.","Task 1: Influence Route Selection by Using AD | Task 2: Influence Route Selection by Using OSPF Metrics"
"Implement Static and Default Routes","A default route is used to send packets that are destined for a location that is not listed elsewhere in the routing table. If a router were required to store a specific route to every destination network on the Internet, routing tables would grow exponentially and router performance would deteriorate. Default routes help keep routing tables small. A default route is also known as a gateway of last resort, or a default gateway.
     Similar to a default route, a manually configured network route is a static route that is used to send packets that are destined for a location that is not listed elsewhere in the routing table. Unlike default routes, a network route defines a specific path for the router to use to send packets that are destined for a specific network, not any unknown network. By default, a static route is considered less trustworthy than a route to a network that is directly connected to the router and more trustworthy than a route that has been learned dynamically.
     In this lab, you will manually configure default routes and network routes on Cisco routers and Layer 3 switches.","Command
      Description
     
    
    
     
      configure terminal
      enters global configuration mode from privileged EXEC mode
     
     
      enable
      enters privileged EXEC mode
     
     
      end
      ends and exits configuration mode
     
     
      exit
      exits one level in the menu structure
     
     
      ip default-gateway ip-address
      configures a default gateway Internet Protocol (IP) address to which traffic destined to remote networks will be forwarded
     
     
      ip route destination-prefix destination-prefix-mask {ip-address | interface-type [ip-address]}
      establishes a static route
     
     
      ip routing
      enables IP version 4 (IPv4) routing on a Cisco router or Layer 3 switch
     
     
      ping ip-address
      sends an Internet Control Message Protocol (ICMP) Echo Request to the specified address
     
     
      show ip route
      displays the IPv4 routing table
The IP addresses and subnet masks used in this lab are shown in the tables below:","Task 1: Manually Configure Default Routes on Cisco Switches | Task 2: Manually Configure Default and Network Routes on Cisco Routers | Task 1: Manually Configure Default Routes on Cisco Routers"
"Implement Single-Area OSPFv2","Open Shortest Path First version 2 (OSPFv2) is a dynamic routing protocol that learns paths to destinations on an Internet Protocol version 4 (IPv4) network. Before routers in an OSPF area can exchange information, they must establish a neighbor relationship, which is also known as an adjacency. An OSPF router that has not yet exchanged information with a potential neighbor is considered to be in the Down neighbor state. OSPF routers establish adjacencies by sending Hello packets. In this lab, you will implement a single-area OSPFv2 configuration on five routers.","Command
      Description
     
    
    
     
      configure terminal
      enters global configuration mode from privileged EXEC mode
     
     
      enable
      enters privileged EXEC mode
     
     
      end
      ends and exits configuration mode
     
     
      exit
      exits one level in the menu structure
     
     
      interface type number
      changes from global configuration mode to interface configuration mode
     
     
      ip ospf process-id area area-id
      places an interface in a specified OSPF process and area
     
     
      network network-address wildcard-mask area area-id
      activates OSPF on the specified network and places the matching interface in the specified area
     
     
      ping ip-address
      sends an Internet Control Message Protocol (ICMP) Echo Request to the specified address
     
     
      router ospf process-id
      enters router configuration mode for an OSPF process
     
     
      router-id ip-address
      configures an OSPF router with a 32-bit router ID
     
     
      show ip ospf
      displays information about the OSPF processes that are running on the router
     
     
      show ip ospf [process-id [area-id]] neighbor
      displays OSPF neighbor information
     
     
      show ip route
      displays the routing table
     
     
      show running-config
      displays the active configuration file
The IP addresses and subnet masks used in this lab are shown in the tables below:","Task 1: Configure OSPFv2 Router Processes | Task 2: Configure OSPFv2 Router Adjacencies"
"Implement HSRP","First-Hop Redundancy Protocols (FHRPs) are technologies that provide router redundancy and high availability (HA) for Cisco networks. There are a number of different FHRPs, each of which differs in scalability and support among vendors. One such FHRP is Hot Standby Router Protocol (HSRP). In this lab, you will implement HSRP to learn how HSRP behaves.","Command
      Description
     
    
    
     
      configure terminal
      enters global configuration mode from privileged EXEC mode
     
     
      enable
      enters privileged EXEC mode
     
     
      end
      ends and exits configuration mode
     
     
      exit
      exits one level in the menu structure
     
     
      interface type number
      changes from global configuration mode to interface configuration mode
     
     
      ipconfig
      displays the IP address configuration on a PC
     
     
      ipconfig /dg ip-address
      configures a default gateway on a PC
     
     
      show standby
      displays HSRP information
     
     
      shutdown; no shutdown
      disables an interface; enables an interface 
     
     
      standby [group-number] ip [ip-address]
      creates or enables the HSRP group with a group number and virtual Internet Protocol (IP) address
     
     
      standby [group-number] preempt
      enables preemption for HSRP on a device
     
     
      standby [group-number] priority priority
      sets the priority value used in choosing the active router; the default value is 100, and the configurable priority value range is from 1 through 255, with 255 being the highest priority
     
     
      tracert ip-address
      traces the path from a source to a destination on a PC
The IP addresses and subnet masks used in this lab are shown in the tables below:","Task 1: Explore the Routing Topology | Task 2: Configure HSRP"
"Implement VRRP","First-Hop Redundancy Protocols (FHRPs) are technologies that provide router redundancy and high availability (HA) for Cisco networks. There are a number of different FHRPs, each of which differs in scalability and support among vendors. One such FHRP is Virtual Router Redundancy Protocol (VRRP). In this lab, you will implement VRRP to learn how VRRP behaves.","Command
      Description
     
    
    
     
      configure terminal
      enters global configuration mode from privileged EXEC mode
     
     
      enable
      enters privileged EXEC mode
     
     
      end
      ends and exits configuration mode
     
     
      exit
      exits one level in the menu structure
     
     
      interface type number
      changes from global configuration mode to interface configuration mode
     
     
      ipconfig
      displays the Internet Protocol (IP) address configuration on a PC
     
     
      ipconfig /dg ip-address
      configures a default gateway on a PC
     
     
      show vrrp
      displays VRRP information
     
     
      shutdown; no shutdown
      disables an interface; enables an interface 
     
     
      vrrp [group-number] ip [ip-address]
      creates or enables the HSRP group with a group number and virtual IP address
     
     
      vrrp [group-number] preempt
      enables preemption for Hot Standby Router Protocol (HSRP) on a device
     
     
      vrrp [group-number] priority priority
      sets the priority value used in choosing the active router; the default value is 100, and the configurable priority value range is from 1 through 255, with 255 being the highest priority
     
     
      tracert ip-address
      traces the path from a source to a destination on a PC
The IP addresses and subnet masks used in this lab are shown in the tables below:","Task 1: Explore the Routing Topology | Task 2: Configure VRRP"
"Troubleshoot an OSPFv2 Configuration","Troubleshoot Open Shortest Path First (OSPF) operation over local area network (LAN) interfaces and wide area network (WAN) interfaces. You will correct any missing or incorrect configurations and verify OSPF operation for multiple areas. When you have completed this lab, all routers will have formed an OSPF neighbor relationship with their directly connected neighbors.","Command
      Description
     
    
    
     
      configure terminal
      enters global configuration mode from privileged EXEC mode
     
     
      debug ip ospf [[adjacency] [database-timer] [events] [flooding] [hello]]
      displays information on OSPF-related events, such as adjacencies, flooding information, designated router selection, and shortest path first (SPF) calculation
     
     
      enable
      enters privileged EXEC mode
     
     
      end
      ends and exits configuration mode
     
     
      exit
      exits one level in the menu structure
     
     
      network network-address wildcard-mask area area-id
      activates OSPF on the specified network and places the matching interface in the specified area
     
     
      router ospf process-id
      enters router configuration mode for an OSPF process
     
     
      show cdp neighbors
      displays information about directly connected neighbors
     
     
      show ip interface brief
      displays a brief summary of interface status and configuration
     
     
      show ip ospf interface [type number] [brief]
      displays OSPF interface information
     
     
      show ip ospf neighbor
      displays OSPF neighbor information
     
     
      show ip protocols
      displays information about active routing protocols
     
     
      show running-config
      displays the active configuration file
     
     
      show running-config interface type number
      displays the specified interface’s active configuration file
The IP addresses and subnet masks used in this lab are shown in the following tables:","Task 1: Troubleshoot, Correct, and Verify the OSPF Configuration on the Link Between Router3 and Router1 | Task 2: Troubleshoot, Correct, and Verify the OSPF Configuration on the Link Between Router1 and Router4 | Task 3: Troubleshoot, Correct, and Verify the OSPF Configuration on the Link Between Router2 and Router4"
"Boson CCNA Challenge Lab 3","In this lab, you will configure Cisco IOS routing features on a network with multiple virtual local area networks (VLANs). You will explore a previously configured implementation of Hot Standby Router Protocol (HSRP). You will also configure default routes where appropriate. Finally, you will configure single-area Open Shortest Path First version 2 (OSPFv2) to route packets between Internet Protocol version 4 (IPv4) networks. Ideally, you should complete this lab only after you have completed other labs that cover this material.","Command
      Description
     
    
    
     
      configure terminal
      enters global configuration mode from privileged EXEC mode
     
     
      enable
      enters privileged EXEC mode
     
     
      end
      ends and exits configuration mode
     
     
      exit
      exits one level in the menu structure
     
     
      interface type number
      changes from global configuration mode to interface configuration mode
     
     
      ip default-gateway ip-address
      configures a default gateway Internet Protocol (IP) address to which traffic destined to remote networks will be forwarded
     
     
      ip ospf process-id area area-id
      places an interface in a specified OSPF process and area
     
     
      ip route destination-prefix destination-prefix-mask {ip-address | interface-type [ip-address]}
      establishes a static route
     
     
      network network-address wildcard-mask area area-id
      activates OSPF on the specified network and places the matching interface in the specified area
     
     
      ping ip-address
      sends an Internet Control Message Protocol (ICMP) Echo Request to the specified address
     
     
      router ospf process-id
      enters router configuration mode for an OSPF process
     
     
      router-id ip-address
      configures an OSPF router with a 32-bit router ID
     
     
      show ip ospf
      displays information about the OSPF processes that are running on the router
     
     
      show ip ospf [process-id [area-id]] neighbor
      displays OSPF neighbor information
     
     
      show ip route
      displays the IPv4 routing table
     
     
      show running-config
      displays the active configuration file
     
     
      show standby
      displays HSRP information
     
     
      shutdown; no shutdown
      disables an interface; enables an interface 
     
     
      tracert ip-address
      traces the path from a source to a destination on a PC
The IPv4 addresses used in this lab are shown in the tables below.","Task 1: Explore HSRP | Task 2: Configure Default Routes and Static Routes | Task 3: Configure Single-Area OSPFv2"
"Configure Static NAT","Network Address Translation (NAT) is commonly used to translate private Internet Protocol (IP) addresses on a local area network (LAN) into globally unique IP addresses on the Internet, which is a global wide area network (WAN). In this lab, you will configure static NAT to enable a specific host on a private LAN to communicate with an Internet host that is configured with a public IP address. An enable secret password is configured on the ISP router and on SwitchA to prevent you from accessing them in this scenario. Configure the appropriate settings on RouterA.","Command
      Description
     
    
    
     
      configure terminal
      enters global configuration mode from privileged EXEC mode
     
     
      enable
      enters privileged EXEC mode
     
     
      end
      ends and exits configuration mode
     
     
      exit
      exits one level in the menu structure
     
     
      interface type number
      changes from global configuration mode to interface configuration mode
     
     
      ip nat inside
      defines the inside interface for NAT
     
     
      ip nat inside source static inside-local-address inside-global-address
      creates a static NAT translation
     
     
      ip nat outside
      configures an interface to be an outside interface
     
     
      ping ip-address
      sends an Internet Control Message Protocol (ICMP) Echo request to the specified address
     
     
      show ip nat translations
      displays the NAT translation table
     
     
      show running-config
      displays the active configuration file
The IP addresses and subnet masks used in this lab are shown in the tables below:","Task 1: Plan for NAT | Task 2: Implement NAT | Task 3: Verify NAT"
"Configure Dynamic NAT","Dynamic Network Address Translation (NAT) is commonly used to translate a range of private Internet Protocol (IP) addresses on a local area network (LAN) into one or more globally unique IP addresses on the Internet, which is a global wide area network (WAN). In this lab, you will configure dynamic NAT to enable a specified range of hosts on a private LAN to communicate with an Internet host that is configured with a public IP address. An enable secret password is configured on the ISP router and on SwitchA to prevent you from accessing them in this scenario. Configure the appropriate settings on RouterA. The enable secret password on RouterA in this lab is configured as cisco.","Command
      Description
     
    
    
     
      access-list access-list-number {deny | permit} source-address source-wildcard
      creates an access control list (ACL) that denies or permits IP traffic from the specified address or address range
     
     
      configure terminal
      enters global configuration mode from privileged EXEC mode
     
     
      end
      ends and exits configuration mode
     
     
      exit
      exits one level in the menu structure
     
     
      interface type number
      changes from global configuration mode to interface configuration mode
     
     
      ip nat inside
      defines the inside interface for NAT
     
     
      ip nat inside source list access-list-number pool pool-name
      translates anything that matches the ACL to an address from the pool
     
     
      ip nat outside
      configures an interface to be an outside interface
     
     
      ip nat pool pool-name start-address end-address netmask subnet-mask
      creates an address pool for NAT
     
     
      ping ip-address
      sends an Internet Control Message Protocol (ICMP) Echo request to the specified address
     
     
      show ip interface brief
      displays a brief summary of interface status and configuration
     
     
      show ip nat translations
      displays the NAT translation table
     
     
      show running-config
      displays the active configuration file
The IP addresses and subnet masks used in this lab are shown in the tables below:","Task 1: Plan for NAT | Task 2: Implement NAT | Task 3: Verify NAT"
"Configure PAT","Port Address Translation (PAT) is a form of Network Address Translation (NAT) commonly used to translate a range of private Internet Protocol (IP) addresses on a local area network (LAN) into a single globally unique IP address on the Internet, which is a global wide area network (WAN). In this lab, you will configure PAT to enable a specified range of hosts on a private LAN to communicate with an Internet host that is configured with a public IP address. An enable secret password is configured on the ISP router and on SwitchA to prevent you from accessing them in this scenario. Configure the appropriate settings on RouterA.","Command
      Description
     
    
    
     
      access-list access-list-number {deny | permit} source-address source-wildcard
      creates an access control list (ACL) that denies or permits IP traffic from the specified address or address range
     
     
      configure terminal
      enters global configuration mode from privileged EXEC mode
     
     
      end
      ends and exits configuration mode
     
     
      exit
      exits one level in the menu structure
     
     
      interface type number
      changes from global configuration mode to interface configuration mode
     
     
      ip nat inside
      defines the inside interface for NAT
     
     
      ip nat inside source list access-list-number interface type number overload
      translates anything matching the ACL to the IP address of the interface specified; overload indicates that PAT will be used
     
     
      ip nat outside
      configures an interface to be an outside interface
     
     
      ping ip-address
      sends an Internet Control Message Protocol (ICMP) Echo request to the specified address
     
     
      show ip interface brief
      displays a brief summary of interface status and configuration
     
     
      show ip nat translations
      displays the NAT translation table
     
     
      show running-config
      displays the active configuration file
The IP addresses and subnet masks used in this lab are shown in the tables below:","Task 1: Plan for PAT | Task 2: Implement PAT | Task 3: Verify PAT"
"Configure an NTP Server","Network Time Protocol (NTP) is essential to the functioning of many network services, particularly those that provide event logging, authentication, or encryption. Because these services can be manipulated or even disrupted by inaccurate times, it is vital that mechanisms are put in place to validate NTP packets and to restrict NTP synchronization to authenticated devices. In this lab, you will learn how to configure client devices to authenticate NTP packets from the master NTP server and how to use access control lists (ACLs) and NTP access groups to restrict NTP synchronization from the master NTP server and to the NTP clients.
     Note: You should allow time for NTP polling interval expirations in several steps in this lab. To facilitate the speed at which the lab can be completed, NTP timers are faster in NetSim than what you would experience on live equipment.","Command
      Description
     
    
    
     
      access-list access-list-number {deny | permit} source-address source-wildcard
      creates an ACL that denies or permits Internet Protocol (IP) traffic from the specified address or address range
     
     
      clock set hh:mm:ss day month year
      sets the system software clock
     
     
      configure terminal
      enters global configuration mode from privileged EXEC mode
     
     
      enable
      enters privileged EXEC mode
     
     
      end
      ends and exits configuration mode
     
     
      exit
      exits one level in the menu structure
     
     
      no ntp
      removes an entire NTP configuration from a Cisco device, including any NTP authentication or access groups configured on the device
     
     
      ntp access-group {peer | serve | serve-only | query-only} access-list-number
      configures an access group to control NTP access and applies a standard IP access list
     
     
      ntp authenticate
      enables NTP authentication
     
     
      ntp authentication-key number md5 value
      defines an authentication key for NTP
     
     
      ntp master [stratum]
      configures the Cisco IOS software as an NTP master clock to which peers synchronize themselves
     
     
      ntp server ip-address [key key-id]
      allows the Cisco IOS software clock to be synchronized by an NTP time server
     
     
      ntp trusted-key key-number
      authenticates the identity of a system to which NTP will synchronize
     
     
      ping ip-address
      sends an Internet Control Message Protocol (ICMP) Echo request to the specified address
     
     
      show access-lists [access-list-number | access-list-name]
      displays the contents of current ACLs
     
     
      show clock [detail]
      displays the time and date from the system software clock
     
     
      show ntp associations [detail] 
      shows the status of NTP associations
     
     
      show ntp status
      shows the status of the NTP
     
     
      show running-config
      displays the active configuration file
The IP addresses and subnet masks used in this lab are shown in the table below:","Task 1: Configure NTP | Task 2: Configure NTP Source Security | Task 3: Configure NTP Client Security"
"Configure an NTP Client","Network Time Protocol (NTP) is used to synchronize the time on network devices, such as routers, switches, desktop computers, and Internet Protocol (IP) phones. Synchronized time is an essential component of many network services, particularly those that provide event logging, authentication, or encryption. When configured to use NTP, a network device will typically query an NTP server to receive time information. NTP servers are arranged in a hierarchy of authority based on their proximity to an authoritative time source, such as a radio clock or an atomic clock. In this lab, you will learn how to configure routers and switches to use NTP for time synchronization. You will configure a single NTP master and multiple NTP clients.","Command
      Description
     
    
    
     
      clock set hh:mm:ss day month year
      sets the system software clock
     
     
      configure terminal
      enters global configuration mode from privileged EXEC mode
     
     
      enable
      enters privileged EXEC mode
     
     
      end
      ends and exits configuration mode
     
     
      exit
      exits one level in the menu structure
     
     
      interface type number
      changes from global configuration mode to interface configuration mode
     
     
      ntp master [stratum]
      configures the Cisco IOS software as an NTP master clock to which peers synchronize themselves
     
     
      ntp server ip-address [key key-id]
      allows the Cisco IOS software clock to be synchronized by an NTP time server
     
     
      ping ip-address
      sends an Internet Control Message Protocol (ICMP) Echo request to the specified address
     
     
      show clock [detail]
      displays the time and date from the system software clock
     
     
      show ip interface brief
      displays a brief summary of interface status and configuration
     
     
      show ntp associations [detail]
      shows the status of NTP associations
     
     
      show ntp status 
      shows the status of the NTP
     
     
      show running-config
      displays the active configuration file
The IP addresses and subnet masks used in this lab are shown in the table below:","Task 1: Perform Initial Configurations | Task 2: Configure the NTP Master | Task 3: Configure the NTP Clients | Task 3: Configure NTP Clients"
"Configure and Test a DNS Server","Domain Name System (DNS) is a mechanism that translates the host name of a network device into its corresponding Internet Protocol (IP) address. DNS clients send lookup queries to a DNS server on User Datagram Protocol (UDP) port 53 unless the query is larger than 512 bytes. If the query is larger than 512 bytes, the DNS traffic will be sent to Transmission Control Protocol (TCP) port 53. Many Cisco devices can function as a DNS client, a DNS server, or both.
     Similar to Network Time Protocol (NTP), there are authoritative and nonauthoritative DNS sources. A recursive DNS search over the Internet is considered authoritative. A DNS entry that is retrieved from an operating system (OS) cache or other name-caching system is not considered authoritative.
     In this lab, you will configure and test a DNS server on a Cisco router.","Command
      Description
     
    
    
     
      configure terminal
      enters global configuration mode from privileged EXEC mode
     
     
      enable
      enters privileged EXEC mode
     
     
      end
      ends and exits configuration mode
     
     
      domain-name domain
      specifies the domain name for a Dynamic Host Configuration Protocol (DHCP) client 
     
     
      dns-server address
      specifies the DNS IP servers available to a DHCP client 
     
     
      interface type number
      changes from global configuration mode to interface configuration mode
     
     
      ip dns server
      enables the DNS server on a router 
     
     
      ip domain name domain-name
      defines a default domain name to complete unqualified host names (is used on routers)
     
     
      ip domain-lookup
      enables the DNS lookup feature 
     
     
      ip domain-name domain-name
      configures the domain name for the device (is used on switches)
     
     
      ip host host-name ip-address
      configures a static host-name–to–address mapping in the host cache of a device 
     
     
      ip name-server ip-address
      configures the name server for the device 
     
     
      ipconfig /all
      displays detailed IP addressing information on a Boson NetSim host
     
     
      ipconfig /dns ip-address
      configures a Boson NetSim host’s DNS client to use the specified DNS server for name resolution
     
     
      ping ip-address
      sends an Internet Control Message Protocol (ICMP) Echo request to the specified address
     
     
      show running-config
      displays the active configuration file
The IP addresses and subnet masks used in this lab are shown in the following tables:","Task 1: Configure and Test a DNS Server"
"Explore Syslog Output","System message logging can be used on Cisco devices to convey system information to the console, a virtual terminal (VTY) session, or a Syslog server. Cisco devices run a local instance of the Syslog service and generate system log messages which are formatted in the Berkeley Software Distribution (BSD) Syslog format. This format creates system log messages that are intended to be easily parsed by both human assets and automated systems. In this lab, you will learn about Cisco system log messages, the basic Syslog message format, and the relevant configuration options common across most Cisco devices.
     For this lab, your network design will include several routers, switches, and a workstation named SysLogServer. This lab will not involve configuring any devices but instead will enable you to study the system message logging concept.","Command
      Description
     
    
    
     
      logging buffered [buffer-size] [severity-level]
      enables logging messages to the local buffer
     
     
      logging console severity-level
      enables logging messages to the console port
     
     
      logging monitor [severity-level]
      enables logging messages to the terminal lines
     
     
      logging origin-id [hostname | ip | ipv6 | string user-defined-id]
      adds an origin identifier to logging messages sent to remote hosts
     
     
      logging synchronous [level severity-level | all] [limit number-of-lines]
      enables synchronous logging of messages
     
     
      service sequence-numbers
      enables sequential numbering of logging messages
     
     
      service timestamps [debug | log] [uptime | datetime [msec]] [localtime] [show-timezone] [year]
      enables log and debugging time stamps
     
     
      terminal monitor
      displays debug command output and error messages for the current terminal and session
Lab Tasks
    
    
     Task 1: Explore Syslog Output
    
    
     
      
       System message logging is enabled by default on Cisco routers and switches. To which locations are log messages directed by default?
      
     
     
      
       System message logs are sent immediately when generated by an associated process. What effect does this behavior have on other prompts or command output?
      
     
     
      
       What methods are available to restrict or otherwise curtail the display of system message logs on the console line?
      
     
     
      
       Cisco routers and switches can be configured to record system log messages to a buffer allocated from system memory. What happens when this buffer becomes full?
      
     
     
      
       When a Cisco router or switch is managed remotely through a Telnet or Secure Shell (SSH) session, can system log messages be directed to the active VTY line?
      
     
     
      
       When Cisco log messages are directed to a remote Syslog server, the messages will adhere to a format that is compatible with the Syslog implementation used in version 4.3 of the BSD UNIX operating system (OS). The basic format of this message is structured as follows:
       
       What information is contained in each of these three fields?
      
     
     
      
       Cisco log messages can be up to 80 characters in length and adhere to the following general format:
       
       Which of the components in this message format are considered optional?
      
     
     
      
       Based on what you currently know about the Cisco log message format, what can you determine about the severity level of the highlighted Syslog message in the following sample output?
       
      
     
     
      
       Based on what you currently know about the Cisco log message format, what can you determine about the configuration options that were used to create the Syslog message indicated by the highlighted Syslog message in the following sample output?
       
      
     
     
      
       Based on what you currently know about the Cisco log message format, what can you determine about the configuration options that were used to create the Syslog message indicated by the highlighted Syslog message in the following sample output?
Once you have completed this lab, be sure to check your work by using the grading function. You can do so by clickingGradefrom the menu bar.
Lab Solutions
    
    
     Task 1: Explore Syslog Output
    
    
     
      
       By default, the Syslog service is enabled on Cisco devices and directs messages to the console on Cisco routers and switches. However, the Syslog service can be configured to send those messages to other locations, such as a VTY session or a Syslog server, which is a device that captures and stores the messages in Syslog format.
      
     
     
      
       Unsolicited messages appear in the console or terminal environment while an administrator is interacting with that environment; for example, debug or logging messages can be categorized as unsolicited. Solicited output is output that is generated by a user or administrator who is directly interacting with the console or terminal environment, such as typing on a keyboard. When a device generates unsolicited messages, solicited output can be interrupted by the unsolicited messages, which can create visual confusion for an administrator who is attempting to configure a command. For example, system log messages, like interface status change messages on a router, can appear in the middle of solicited output while an administrator is configuring a command. You can issue the logging synchronous command to ensure that unsolicited messages always appear after solicited output instead of interrupting the solicited output while it is in progress.
       The syntax of the logging synchronous command is logging synchronous [level severity-level | all] [limit number-of-lines]. The optional level parameter specifies a message severity level to which the configuration will apply. Issuing the logging synchronous command without specifying a value for the optional level parameter causes the command to apply the configuration to messages of severity level 2 through most severe. Configuring the optional all keyword applies the configuration messages of every severity level. Specifying a value for the optional limit parameter configures the number of buffer lines that are queued to the terminal before new messages are dropped. By default, this value is configured to 20.
      
     
     
      
       On the console line, system log messages can be disabled entirely or filtered based on the severity level of the message. For example, you can issue the no logging console command to disable the display of system log messages on the console line. Alternatively, you can limit the severity level of logging messages that are displayed on a device by issuing the logging console severity-level command for log messages that are displayed to the console. The severity-level parameter is a severity-level value in the range from 0 through 7. The lower the severity level number, the more severe the severity level. For example, configuring severity-level to a value of 0 will display only the most severe logging messages. Configuring severity-level to a value of 4 will display messages of the warning severity level and any message that is more severe. Configuring severity-level to a value of 7 will display all messages.
      
     
     
      
       A Cisco router or switch can store system log messages to an internal buffer allocated from available system memory. System log messages are written to the buffer in a cyclical fashion with the oldest entries being overwritten by new entries once the buffer becomes full. You can issue the logging buffered [buffer-size] [severity-level] command to enable and configure buffered logging. The buffer-size parameter represents the number of bytes allocated from system memory and can be a value in the range from 4096 through 2147483647, with the default typically being 4096 bytes. The severity-level parameter is a severity-level value in the range from 0 through 7. On most Cisco platforms, buffered logging is enabled by default; however, you may encounter some platforms where it is disabled by default. If buffered logging is enabled, you can issue the no logging buffered command to disable it.
      
     
     
      
       By default, system log messages are not displayed in VTY sessions, such as Telnet or SSH sessions. However, you can issue the terminal monitor command from privileged exec mode to ensure that system log messages will be displayed for the duration of that session. The terminal monitor command can enable the display of system logging messages on the active VTY, but it cannot be used to enable monitor logging or to specify the minimum severity of logged messages. Instead, you must issue the logging monitor [severity-level] command from global configuration mode to enable monitor logging and to optionally specify the minimum severity level of messages logged to VTY sessions. When the logging monitor command is issued with a severity-level parameter, messages with the specified severity level and all lower-numbered severity levels will be displayed.
      
     
     
      
       Cisco log messages are compatible with the Syslog implementation used in version 4.3 of the BSD UNIX OS. The basic format of this message is structured as follows:
       
       The PRI field represents the priority value and is comprised of a facility code and a severity level. Facility codes represent subsystems on the device, such as a system daemon or the line printer subsystem, that generated the message. Cisco uses the Local7 custom facility code and the text representation of the severity level when the PRI field for Syslog messages is assembled. The HEADER field contains the timestamp when the message was generated and the host name or Internet Protocol (IP) address of the device that created the Syslog message. The MSG field contains the system log message. Because Cisco log messages are formatted in the BSD Syslog format, they always include a percent sign (%) followed by a facility code, a severity code, and a mnemonic code. The three codes are separated by dashes. The dash-separated code is followed by a colon and the human-readable text of the log message.
      
     
     
      
       Cisco log messages adhere to the following general format:
       
       The components to the left of the percent sign (%) are considered optional and are typically not included by default. The ORIGIN-ID field can contain a unique identifier, such as the host name, IP address, or some other custom text used to identify the originator of the system message. The logging origin-id [hostname | ip | ipv6 | string user-defined-id] command can be used to specify which identifier to include in a system log message.
       The SEQ field contains the associated sequence number for the system log message. Each system log message is assigned a unique sequence number. Sequence numbers are not persistent through a system reload or other events, such as power loss. The service sequence-numbers command can be used to specify that sequence numbers be included in system log messages. The sequence number will be displayed at the start of the log message before the date and after the origin ID.
       The TIMESTAMP field can contain either a representation of the current system date and time or the current system uptime. The service timestamps command can be used to configure the format in which timestamps are included in system log messages. The syntax of the service timestamps command is service timestamps [debug | log] [uptime | datetime [msec]] [localtime] [show-timezone] [year].
       The log keyword configures the timestamp format that should apply to the system log. Typically, the log keyword is issued in place of the debug keyword in order to configure system logging timestamps. For example, the service timestamps log uptime command configures the router to prepend system logging messages with the system uptime. The uptime keyword displays the timestamp in terms of when the device was last rebooted. The datetime keyword displays the timestamp in MMM DD HH:MM:SS format. Typically, the datetime keyword is issued in place of the uptime keyword in order to cause the timestamp to contain the current date and time instead of the system uptime. By default, the datetime keyword configures the timestamp to be displayed in Coordinated Universal Time (UTC) without the year, without milliseconds, and without the name of the time zone.
       If the datetime keyword is included, a number of other keywords can be issued in order to manipulate how the date and time are formatted. The additional keywords that can be configured when the service timestamps datetime command is issued include msec, localtime, show-timezone, and year. The msec keyword modifies the timestamp so that it is displayed in MMM DD HH:MM:SS.ss format, where SS is the current seconds value and ss is the current milliseconds value. Adding milliseconds to the timestamp increases precision when events that are recorded by system logging are being monitored. The year keyword, on the other hand, modifies the timestamp so that the current year is included in the timestamp. The year is displayed in a four-digit format and immediately follows the current date. The localtime keyword displays the timestamp relative to the local time zone instead of UTC. Issuing this keyword modifies the output so that the timestamp matches the time zone that is configured on the device by using the clock timezone command. The show-timezone keyword displays the timestamp and includes the name of the time zone. The name of the time zone is determined by the value that the administrator configured when he or she issued the clock timezone time-zone offset command in global configuration mode.
      
     
     
      
       Consider the following sample output:
       
       You can determine that the highlighted Syslog message has a severity level of 5, which corresponds to normal but significant conditions. Because Cisco syslog messages are formatted in the BSD Syslog format, they will include a percent sign (%) followed by a facility code, a severity code, and a mnemonic code. The three codes are separated by dashes. In the output highlighted in this scenario, the facility code is
      LINEPROTO, the severity code is 5, which corresponds with notifications, and the mnemonic code is UPDOWN, which indicates that an interface state has changed. The dash-separated code is followed by a colon and the human-readable text of the log message:
      
      
       %LINEPROTO-5-UPDOWN: Line protocol on Interface FastEthernet0/0, changed state to up
      
      There are eight severity levels numbered 0 through 7, as shown in the following sample output:
      
       Router1(config)#logging trap ?
       <0-7>                   Logging severity level
       <cr>                    
       alerts                  Immediate action needed           (severity=1)
       critical                Critical conditions               (severity=2)
       debugging               Debugging messages                (severity=7)
       emergencies             System is unusable                (severity=0)
       errors                  Error conditions                  (severity=3)
       informational           Informational messages            (severity=6)
       notifications           Normal but significant conditions (severity=5)
       warnings                Warning conditions                (severity=4)
      
      Cisco log messages are divided into severity levels that are identified by both a number and a name. However, it is important to remember that the higher the log severity level number, the lower the level of severity. Therefore, severity level 0, emergencies, is the most severe. Level 7, debugging, is the least severe. Emergencies and alerts indicate a severe hardware or software problem with the device. These messages need to be addressed immediately. Critical, errors, and warnings messages indicate something that might impact the device. For example, interface up/down state changes are displayed as errors at level 3. Notifications and informational messages are routine messages but still might indicate a problem. Route flaps, neighbor adjacencies, and interface protocol up/down transitions are displayed as notifications at level 5. Debugging messages appear only as the result of issuing the debug command.
      
     
     
      
       Consider the following sample output:
       
       You can determine that the highlighted Syslog message includes an origin ID (
      Router1), a sequence number (000041), and a timestamp value (05:30:43). The timestamp value is likely the system uptime as it is significantly different from the timestamp embedded in the Syslog header (18:05:41) and because no date value is included. These observations indicate that the logging origin-id hostname command, the service sequence-numbers command, and the service timestamps log uptime command have been issued on the device that originated the Syslog message (192.168.100.1).
      
     
     
      
       Consider the following sample output:
       
       You can determine that the highlighted Syslog message does not include an origin ID, a sequence number, or a timestamp value. The inclusion of an origin ID or sequence number is not enabled by default on Cisco routers and switches; however, a timestamp value is typically included by default on most Cisco routers and switches. Therefore, you can assume that the no service timestamps command has likely been issued on the device that originated the Syslog message (10.99.0.2).
Copyright © 1996 - 2024 Boson Software, LLC. All rights reserved. NetSim software and documentation are protected by copyright law.","Task 1: Explore Syslog Output"
"Explore and Configure Syslog Levels","The Syslog protocol enables a device to display and store event notifications or messages that are generated by debug commands. By default, Syslog is enabled on Cisco devices and sends system messages to the console on Cisco routers and switches. However, Syslog can be configured to send those messages to other locations, such as a Telnet session or a Syslog server, which is a device that captures and stores the messages in Syslog format. In this lab, you will learn how to configure and verify system message logging.","Command
      Description
     
    
    
     
      configure terminal
      enters global configuration mode from privileged EXEC mode
     
     
      enable
      enters privileged EXEC mode
     
     
      end
      ends and exits configuration mode
     
     
      exit
      exits one level in the menu structure
     
     
      logging host ip-address
      logs messages to a system logging (Syslog) server host
     
     
      logging trap severity-level
      limits messages logged to the Syslog servers based on severity
     
     
      ping ip-address
      sends an Internet Control Message Protocol (ICMP) Echo request to the specified address
     
     
      show running-config
      displays the active configuration file
The IP addresses and subnet masks used in this lab are shown in the tables below:","Task 1: Configure System Message Logging"
"Configure DHCP for IPv4 Networks","Dynamic Host Configuration Protocol (DHCP) is an Application-layer protocol that is commonly used to provide Internet Protocol (IP) configuration information to network devices. DHCP version 4 (DHCPv4), which is typically referred to as simply DHCP, can be used to provide configuration information for IP version 4 (IPv4) networks, whereas DHCP version 6 (DHCPv6) can be used to provide configuration information for IP version 6 (IPv6) networks. A DHCP server is configured to allocate IP configuration information to devices, or DHCP clients, on a particular network segment. Because DHCP servers and DHCP clients use both broadcast and unicast IP packets during the DHCP process, the DHCP server and DHCP clients must reside on the same network segment. In this lab, you will configure two DHCP servers and multiple DHCP clients.","Command
      Description
     
    
    
     
      configure terminal
      enters global configuration mode from privileged EXEC mode
     
     
      enable
      enters privileged EXEC mode
     
     
      end
      ends and exits configuration mode
     
     
      exit
      exits one level in the menu structure
     
     
      default-router address
      specifies the IP address of a default gateway for DHCP clients
     
     
      domain-name domain
      specifies the domain name for a DHCP client
     
     
      interface type number
      changes from global configuration mode to interface configuration mode
     
     
      ip address dhcp
      configures a router as a DHCP client
     
     
      ipconfig /all
      is used in NetSim to display the IP addresses and Media Access Control (MAC) address on a workstation
     
     
      ipconfig /ip dhcp
      is used in NetSim to configure the workstation to obtain IP addressing information from a DHCP server
     
     
      ip dhcp client lease {days [hours] [minutes] | infinite}
      requests a custom lease duration for DHCP clients
     
     
      ip dhcp excluded-address ip-address [last-ip-address]
      configures a range of excluded addresses
     
     
      ip dhcp pool pool-name
      creates an IP address pool
     
     
      lease {days [hours [minutes]] | infinite}
      configures a custom lease duration for DHCP assignments
     
     
      network ip-address subnet-mask
      enables a DHCP server for a particular network segment 
     
     
      [no] service dhcp
      configure the router to respond to any DHCP requests; the no form disables the DHCP service and prevents a DHCP relay agent from forwarding DHCP requests
     
     
      show dhcp lease
      displays the IP address lease duration
     
     
      show dhcp server
      displays IP configuration information contained in DHCPOFFER packets
     
     
      show ip dhcp binding
      displays active DHCP-assigned IP addresses
     
     
      show ip dhcp pool
      displays a basic summary of a configured DHCP pool
     
     
      show ip dhcp server statistics
      displays general operating statics for a DHCP server process
     
     
      show ip interface brief
      displays a brief summary of interface status and configuration
     
     
      show ip route
      displays the IP routing table
     
     
      show running-config
      displays the active configuration file
The IP addresses and subnet masks used in this lab are shown in the table below:","Task 1: Configure a DHCP Server on RouterA | Task 2: Configure a DHCP Server on RouterB | Task 3: Configure DHCP Clients | Task 4: Verify DHCP Client Functionality | Task 5: Verify DHCP Server Functionality"
"Configure DHCP Relay for IPv4 Networks","DHCP version 4 (DHCPv4), which is typically referred to as simply DHCP, can be used to provide configuration information for Internet Protocol version 4 (IPv4) networks, whereas DHCP version 6 (DHCPv6) can be used to provide configuration information for IP version 6 (IPv6) networks. When a DHCP server is configured on the network, clients can automatically obtain an IP address rather than requiring an administrator to manually configure an IP address on each computer. However, because DHCP relies on broadcast packets and routers do not forward broadcast packets by default, the DHCP server and its clients must be on the same network segment. However, when a DHCP relay agent is configured on a router, the router can forward DHCP broadcast traffic from one network segment to a specific IP address on another network segment, thereby allowing a DHCP server and its clients to reside on two separate network segments. In this lab, you will analyze the current DHCP configuration and then revise the configuration to use DHCP relay agents so that the DHCP servers can be managed from a central location.","Command
      Description
     
    
    
     
      configure terminal
      enters global configuration mode from privileged EXEC mode
     
     
      enable
      enters privileged EXEC mode
     
     
      end
      ends and exits configuration mode
     
     
      exit
      exits one level in the menu structure
     
     
      default-router address
      specifies the IP address of a default gateway for DHCP clients
     
     
      domain-name domain
      specifies the domain name for a DHCP client
     
     
      interface type number
      changes from global configuration mode to interface configuration mode
     
     
      ip address dhcp
      configures a router as a DHCP client
     
     
      ipconfig /ip dhcp
      is used in NetSim to configure the workstation to obtain IP addressing information from a DHCP server
     
     
      ip dhcp client lease {days [hours] [minutes] | infinite}
      requests a custom lease duration for DHCP clients
     
     
      [no] ip dhcp excluded-address ip-address [last-ip-address]
      configures a range of excluded addresses; the no form removes the specified address from the list of excluded addresses
     
     
      [no] ip dhcp pool pool-name
      creates an IP address pool; the no form removes the specified DHCP pool
     
     
      ip helper-address ip-address
      configures a DHCP relay agent for a particular interface
     
     
      lease {days [hours [minutes]] | infinite}
      configures a custom lease duration for DHCP assignments
     
     
      network ip-address subnet-mask
      enables a DHCP server for a particular network segment 
     
     
      [no] service dhcp
      configure the router to respond to any DHCP requests; the no form disables the DHCP service and prevents a DHCP relay agent from forwarding DHCP requests
     
     
      show ip dhcp binding
      displays active DHCP-assigned IP addresses
     
     
      show ip dhcp pool
      displays basic summary of a configured DHCP pool
     
     
      show ip dhcp server statistics
      displays general operating statics for a DHCP server process
     
     
      show running-config
      displays the active configuration file
The IP addresses and subnet masks used in this lab are shown in the table below:","Task 1: Examine the Existing DHCP Server Configurations | Task 2: Configure DHCP Relay Agents | Task 3: Configure RouterC as a DHCP Server | Task 4: Configure DHCP Clients | Task 5: Verify DHCP Server Functionality"
"Configure SSH","Secure Shell (SSH) is a virtual terminal (VTY) protocol that can be used to securely replace Telnet. It uses public key cryptography to encrypt both the authentication process and the connection between the SSH client, or host, and SSH server. Before you can configure SSH on a Cisco device, you should ensure that the device is running a K9, or cryptographic, IOS image. IOS images that include K9 in the image name support cryptographic keys that are long enough to configure SSH and IP Security (IPSec). In this lab, you will configure and verify SSH on Router1.","Command
      Description
     
    
    
     
      configure terminal
      enters global configuration mode from privileged EXEC mode
     
     
      end
      ends and exits configuration mode
     
     
      exit
      exits one level in the menu structure
     
     
      ip domain-name name
      defines a default domain name to complete unqualified host names
     
     
      ip ssh version [1 | 2]
      specifies the version of SSH to be run on a device
     
     
      line vty 0 15
      enters configuration mode for the specified VTY lines
     
     
      login local
      configures the device to use its local database for authentication at login
     
     
      ping ip-address
      sends an Internet Control Message Protocol (ICMP) Echo request to the specified address
     
     
      show ip ssh
      displays the version and configuration data for SSH
     
     
      show running-config
      displays the active configuration file
     
     
      show ssh
      displays the status of SSH server connections on the device
     
     
      ssh [-l user-id] {ip-address | host-name}
      starts an encrypted session with a remote networking device
     
     
      telnet ip-address
      starts the terminal emulation program from a PC, router, or switch; permits you to access devices remotely over the network
     
     
      transport input {all | none [ssh] [telnet]}
      defines which protocols to connect to a specific line of a router
     
     
      username name privilege privilege-level secret password
      creates a local user name and an encrypted password pair and sets the privilege level for the user
The IP addresses and subnet masks used in this lab are shown in the tables below:","Task 1: Configure SSH | Task 2: Verify SSH"
"Explore and Configure TFTP","Both Trivial File Transfer Protocol (TFTP) and File Transfer Protocol (FTP) are protocols that are used to transfer files between devices. In a Cisco environment, either protocol can be used as a means of backing up and restoring configurations. However, TFTP requires less overhead in that it is a connectionless protocol that does not require authentication. FTP is a bidirectional and more robust protocol that can handle larger file sizes. In this lab, you will explore how TFTP differs from FTP. In addition, you will configure TFTP.","Command
      Description
     
    
    
     
      configure terminal
      enters global configuration mode from privileged EXEC mode
     
     
      copy running-config {rcp | startup-config | tftp | device:filename}
      copies a device’s running configuration file to another destination
     
     
      copy tftp {running-config | startup-config | device:filename}
      copies a file from a TFTP server to another destination
     
     
      enable
      enters privileged EXEC mode
     
     
      end
      ends and exits configuration mode
     
     
      erase startup-config
      deletes the startup configuration file in non-volatile random access memory (NVRAM)
     
     
      exit
      exits one level in the menu structure
     
     
      hostname host-name
      sets the device name
     
     
      ipconfig /dg ip-address
      is used in NetSim to assign a default gateway Internet Protocol (IP) address to a workstation interface
     
     
      ipconfig /ip ip-address subnet-mask
      is used in NetSim to assign an IP address and subnet mask to a workstation interface
     
     
      ping ip-address
      sends an Internet Control Message Protocol (ICMP) Echo Request to the specified address
     
     
      show startup-config
      displays the backup configuration file
     
     
      show tftp-configs
      is used in NetSim to display a list of files copied using TFTP and stored on a PC
The IP addresses and subnet masks used in this lab are shown in the table below:","Task 1: Configure and Verify TFTP"
"Explore and Configure FTP","Both Trivial File Transfer Protocol (TFTP) and File Transfer Protocol (FTP) are protocols that are used to transfer files between devices. In a Cisco environment, either protocol can be used as a means of backing up and restoring configurations. FTP is a bidirectional and more robust protocol that can handle larger file sizes. In this lab, you will explore how FTP differs from TFTP.","","Task 1: Explore and Configure FTP"
"Implement NAT","Network Address Translation (NAT) can be used to enable hosts with private IP addresses to access public networks, such as the Internet. NAT is commonly configured to dynamically create address mappings between private and public Internet Protocol (IP) addresses; however, NAT can also be used to create static mappings between specific private and public IP addresses. In this lab, you will configure dynamic NAT to provide Internet access to hosts on multiple virtual local area networks (VLANs) and you will configure static NAT to enable a specific host on a private local area network (LAN) to be accessible from the Internet through a specific public IP address. No enable secret password is configured on any of the devices in this scenario. Configure the appropriate settings on RouterA.","Command
      Description
     
    
    
     
      access-list access-list-number {deny | permit} source-address source-wildcard
      creates an access control list (ACL) that denies or permits IP traffic from the specified address or address range
     
     
      configure terminal
      enters global configuration mode from privileged EXEC mode
     
     
      enable
      enters privileged EXEC mode
     
     
      end
      ends and exits configuration mode
     
     
      exit
      exits one level in the menu structure
     
     
      interface type number
      changes from global configuration mode to interface configuration mode
     
     
      ip nat inside
      defines the inside interface for NAT
     
     
      ip nat inside source list access-list-number pool pool-name
      translates anything that matches the ACL to an address from the pool
     
     
      ip nat inside source static inside-local-address inside-global-address
      creates a static NAT translation
     
     
      ip nat outside
      configures an interface to be an outside interface
     
     
      ip nat pool pool-name start-address end-address netmask subnet-mask
      creates an address pool for NAT
     
     
      ping ip-address
      sends an Internet Control Message Protocol (ICMP) Echo request to the specified address
     
     
      show ip interface brief
      displays a brief summary of interface status and configuration
     
     
      show ip nat translations
      displays the NAT translation table
     
     
      show ip route
      displays the IP routing table
     
     
      show running-config
      displays the active configuration file
     
     
      tracert ip-address
      traces the path from a source to a destination on a PC
The IP addresses and subnet masks used in this lab are shown in the tables below:","Task 1: Explore the Current Topology | Task 2: Implement Static NAT | Task 3: Implement Dynamic NAT"
"Implement NTP","In this lab, you will configure Network Time Protocol (NTP) on several NTP client devices. In addition, you will configure each of the client devices to authenticate NTP packets from the master NTP server. You will also use access control lists (ACLs) and NTP access groups to restrict NTP synchronization from the master NTP server and to the NTP clients.
Note: You should allow time for NTP polling interval expirations in several steps in this lab. To facilitate the speed at which the lab can be completed, NTP timers are faster in NetSim than what you would experience on live equipment.","Command
      Description
     
    
    
     
      access-list access-list-number {deny | permit} source-address source-wildcard
      creates an ACL that denies or permits Internet Protocol (IP) traffic from the specified address or address range
     
     
      configure terminal
      enters global configuration mode from privileged EXEC mode
     
     
      enable
      enters privileged EXEC mode
     
     
      end
      ends and exits configuration mode
     
     
      exit
      exits one level in the menu structure
     
     
      no ntp
      removes an entire NTP configuration from a Cisco device, including any NTP authentication or access groups configured on the device
     
     
      ntp access-group {peer | serve | serve-only | query-only} access-list-number
      configures an access group to control NTP access and applies a standard IP access list
     
     
      ntp authenticate
      enables NTP authentication
     
     
      ntp authentication-key number md5 value
      defines an authentication key for NTP
     
     
      ntp master [stratum]
      configures the Cisco IOS software as an NTP master clock to which peers synchronize themselves
     
     
      ntp server ip-address [key key-id]
      allows the Cisco IOS software clock to be synchronized by an NTP time server
     
     
      ntp trusted-key key-number
      authenticates the identity of a system to which NTP will synchronize
     
     
      ping ip-address
      sends an Internet Control Message Protocol (ICMP) Echo request to the specified address
     
     
      show clock [detail]
      displays the time and date from the system software clock
     
     
      show ntp associations [detail] 
      shows the status of NTP associations
     
     
      show ntp status
      shows the status of the NTP
     
     
      show running-config
      displays the active configuration file
The IP addresses and subnet masks used in this lab are shown in the table below.","Task 1: Configure Core NTP Clients | Task 2: Configure Distribution and Access Layer NTP Clients | Task 3: Configure NTP Source Security | Task 4: Configure NTP Client Security"
"Implement DNS","Domain Name System (DNS) is a commonly used Application-layer protocol that can translate the host name of a network device into its corresponding Internet Protocol (IP) address. By default, DNS clients send User Datagram Protocol (UDP) lookup queries to a DNS server on port 53. However, if the query is larger than 512 bytes, the DNS client will send Transmission Control Protocol (TCP) lookup queries to the DNS server on port 53. Many Cisco devices can function as a DNS client, a DNS server, or both.
     In this lab, you will implement DNS on Cisco routers.","Command
      Description
     
    
    
     
      configure terminal
      enters global configuration mode from privileged EXEC mode
     
     
      enable
      enters privileged EXEC mode
     
     
      end
      ends and exits configuration mode
     
     
      exit
      exits one level in the menu structure
     
     
      ip dns server
      enables the DNS server on a router
     
     
      ip host host-name ip-address
      configures a static host name-to-address mapping in the host cache of a device
     
     
      ip name-server ip-address
      configures the name server for the device
     
     
      ping {ip-address | host-name}
      sends an Internet Control Message Protocol (ICMP) Echo request to the specified address or host name
     
     
      show hosts
      displays the default domain name, a list of name server hosts, and a cached list of host names and addresses
     
     
      show running-config
      displays the active configuration file
The IP addresses and subnet masks used in this lab are shown in the tables below:","Task 1: Configure DNS on Router1 | Task 2: Configure DNS on Router2"
"Implement DHCP","In this lab, you will implement Dynamic Host Configuration Protocol (DHCP) relay agents to consolidate the DHCP configurations in an existing network installation. A DHCP server is used to automatically provide Internet Protocol (IP) addresses to clients. When a DHCP server is configured on the network, clients can automatically obtain an IP address, rather than requiring an administrator to manually configure an IP address on each computer.","Command
      Description
     
    
    
     
      configure terminal
      enters global configuration mode from privileged EXEC mode
     
     
      default-router address
      specifies the IP address of a default gateway for DHCP clients
     
     
      dns-server address
      specifies the Domain Name System (DNS) IP servers available to a DHCP client
     
     
      domain-name domain
      specifies the domain name for a DHCP client
     
     
      enable
      enters privileged EXEC mode
     
     
      end
      ends and exits configuration mode
     
     
      exit
      exits one level in the menu structure
     
     
      interface type number
      changes from global configuration mode to interface configuration mode
     
     
      ipconfig /all
      is used in NetSim to display the IP addresses and Media Access Control (MAC) address on a workstation
     
     
      ipconfig /ip dhcp
      is used in NetSim to configure the workstation to obtain IP addressing information from a DHCP server
     
     
      [no] ip dhcp excluded-address ip-address [last-ip-address]
      configures a range of excluded addresses; the no form removes the specified address from the list of excluded addresses
     
     
      [no] ip dhcp pool pool-name
      creates an IP address pool; the no form removes the specified DHCP pool
     
     
      ip helper-address ip-address
      configures a DHCP relay agent for a particular interface
     
     
      [no] lease {days [hours [minutes]] | infinite}
      configures a custom lease duration for DHCP assignments; the no form returns the duration to the default
     
     
      network ip-address subnet-mask
      enables a DHCP server for a particular network segment 
     
     
      [no] service dhcp
      configure the router to respond to any DHCP requests; the no form disables the DHCP service and prevents a DHCP relay agent from forwarding DHCP requests
     
     
      show ip dhcp binding
      displays active DHCP-assigned IP addresses
     
     
      show ip dhcp pool
      displays basic summary of a configured DHCP pool
     
     
      show running-config
      displays the active configuration file
The IP addresses and subnet masks used in this lab are shown in the table below:","Task 1: Configure a DHCP Pool for Each VLAN | Task 2: Configure and Verify DHCP Clients | Task 3: Configure DHCP Relay Agents, and Verify DHCP Clients"
"Implement SSH","Secure Shell (SSH) is a virtual terminal (VTY) protocol that can be used to securely replace Telnet. It uses public key cryptography to encrypt both the authentication process and the connection between the SSH client, or host, and SSH server. Before you can configure SSH on a Cisco device, you should ensure that the device is running a K9, or cryptographic, IOS image. IOS images that include K9 in the image name support cryptographic keys that are long enough to configure SSH and Internet Protocol Security (IPSec). In this lab, you will replace the existing Telnet configuration with a more secure SSH configuration.","Command
      Description
     
    
    
     
      configure terminal
      enters global configuration mode from privileged EXEC mode
     
     
      enable secret password
      creates an encrypted enable password in the running configuration
     
     
      end
      ends and exits configuration mode
     
     
      exit
      exits one level in the menu structure
     
     
      ip domain-name name
      defines a default domain name to complete unqualified host names
     
     
      ip ssh version [1 | 2]
      specifies the version of SSH to be run on a device
     
     
      line vty 0 15
      enters configuration mode for the specified VTY lines
     
     
      login local
      configures the device to use its local database for authentication at login
     
     
      no password
      removes a VTY line password from the configuration
     
     
      ping ip-address
      sends an Internet Control Message Protocol (ICMP) Echo request to the specified address
     
     
      show running-config
      displays the active configuration file
     
     
      show ssh
      displays the status of SSH server connections on the device
     
     
      show users
      displays information about terminal lines
     
     
      ssh [-l user-id] {ip-address | host-name}
      starts an encrypted session with a remote networking device
     
     
      telnet ip-address
      starts the terminal emulation program from a PC, router, or switch; permits you to access devices remotely over the network
     
     
      transport input {all | none [ssh] [telnet]}
      defines which protocols to connect to a specific line of a router
     
     
      username name privilege privilege-level secret password
      creates a local user name and an encrypted password pair and sets the privilege level for the user
The IP addresses and subnet masks used in this lab are shown in the tables below:","Task 1: Examine the Existing Configuration | Task 2: Configure Users and Secure Passwords | Task 3: Configure and Verify SSH"
"Boson CCNA Challenge Lab 4","In this lab, you will configure some common Cisco Internet Protocol (IP) services on routers and switches. Dynamic Host Configuration Protocol (DHCP) and DHCP relay are used to dynamically assign IP addresses to devices. Network Time Protocol (NTP) is used to ensure that time is synchronized across devices. Domain Name System (DNS) allows devices to communicate with each other by resolving host names to IP addresses. Network Address Translation (NAT) is used to enable a device assigned a Request for Comments (RFC) 1918 IP address to communicate over the Internet by using a routable IP address. This lab requires you to know how to configure each of these services. Ideally, you should complete this lab only after you have completed other labs that cover this material.","Command
      Description
     
    
    
     
      access-list access-list-number {deny | permit} source-address source-wildcard
      creates an access control list (ACL) that denies or permits IP traffic from the specified address or address range
     
     
      clock set hh:mm:ss day month year
      sets the system software clock 
     
     
      configure terminal
      enters global configuration mode from privileged EXEC mode
     
     
      domain-name domain
      specifies the domain name for a DHCP client 
     
     
      dns-server address
      specifies the DNS IP servers available to a DHCP client 
     
     
      enable
      enters privileged EXEC mode
     
     
      end
      ends and exits configuration mode
     
     
      exit
      exits one level in the menu structure
     
     
      ip default-gateway
      configures a default gateway on a Cisco switch
     
     
      ip dhcp client lease {days [hours] [minutes] | infinite}
      requests a custom lease duration for DHCP clients 
     
     
      ip dhcp excluded-address ip-address [last-ip-address]
      configures a range of excluded addresses 
     
     
      ip dhcp pool pool-name
      creates an IP address pool 
     
     
      ip dns server
      enables the DNS server on a router 
     
     
      ip domain name domain-name
      defines a default domain name to complete unqualified host names (is used on routers)
     
     
      ip domain-lookup
      enables the DNS lookup feature 
     
     
      ip domain-name domain-name
      configures the domain name for the device (is used on switches)
     
     
      ip helper-address address
      configures a DHCP relay agent for a particular interface 
     
     
      ip host host-name ip-address
      configures a static host-name–to–address mapping in the host cache of a device 
     
     
      ip name-server ip-address
      configures the name server for the device 
     
     
      ip nat inside
      defines the inside interface for NAT 
     
     
      ip nat inside source list access-list-number interface interface overload
      translates anything that matches the ACL to the IP address that is assigned to the specified interface and uses port numbers to map translations
     
     
      ip nat outside
      configures an interface to be an outside interface 
     
     
      ip nat pool pool-name start-address end-address netmask subnet-mask
      creates an address pool 
     
     
      interface type number
      changes from global configuration mode to interface configuration mode
     
     
      ipconfig /all
      is used in NetSim to display the IP addresses and Media Access Control (MAC) address on a workstation
     
     
      ipconfig /ip dhcp
      is used in NetSim to configure the workstation to obtain IP addressing information from a DHCP server 
     
     
      lease {days [hours [minutes]] | infinite}
      configures a custom lease duration for DHCP assignments 
     
     
      network ip-address subnet-mask
      enables a DHCP server for a particular network segment
     
     
      ntp master [stratum]
      configures the Cisco IOS software as an NTP master clock to which peers synchronize themselves 
     
     
      ntp server ip-address [key key-id]
      allows the Cisco IOS software clock to be synchronized by an NTP time server 
     
     
      ping ip-address
      sends an Internet Control Message Protocol (ICMP) Echo request to the specified address
     
     
      show clock [detail]
      displays the time and date from the system software clock 
     
     
      show ip dhcp binding
      displays active DHCP-assigned IP addresses 
     
     
      show ip nat translations
      displays the NAT translation table
     
     
      show ntp associations [detail]
      shows the status of NTP associations 
     
     
      show ntp status
      shows the status of NTP 
     
     
      show running-config
      displays the active configuration file
The IP version 4 (IPv4) addresses used in this lab are shown in the tables below.","Task 1: Configure DHCP and DNS | Task 2: Configure PAT | Task 3: Configure NTP"
"Configure the Enable Password","Devices on a network should be protected with passwords to prevent unauthorized individuals from accessing and modifying those devices. One of the passwords that can be used to protect Cisco devices is the enable password. The enable password protects access to privileged EXEC mode on a Cisco device. In this lab, you will learn how to configure the enable password on a Cisco device.","Command
      Description
     
    
    
     
      configure terminal
      enters global configuration mode from privileged EXEC mode
     
     
      enable
      enters privileged EXEC mode
     
     
      enable password password
      sets the enable password
     
     
      exit
      exits one level in the menu structure
     
     
      show running-config
      displays the active configuration file
The IP addresses and subnet masks that will be used in this lab are shown in the following tables:","Task 1: Configure the Enable Password | Task 2: Modify the Enable Password"
"Configure the Enable Secret Password","By default, the enable password is stored as unencrypted clear text. The enable secret command is a more secure method of protecting access to privileged EXEC mode because it stores the password as a Message Digest 5 (MD5) hash. In this lab, you will learn how to configure an encrypted enable secret password on a Cisco device by using the enable secret command. You will also learn how to copy an enable secret password to another device.","Command
      Description
     
    
    
     
      configure terminal
      enters global configuration mode from privileged EXEC mode
     
     
      enable
      enters privileged EXEC mode
     
     
      enable secret password
      sets the enable secret password
     
     
      exit
      exits one level in the menu structure
     
     
      show running-config
      displays the active configuration file
The IP addresses and subnet masks that will be used in this lab are shown in the following tables:","Task 1: Configure the Enable Secret Password | Task 2: Copy the Enable Secret Password"
"Configure Local User Accounts","The enable password, enable secret password, console port password, and virtual terminal (VTY) line password are shared passwords; if multiple people want to be able to log in to a Cisco device, they must all share these passwords. However, you can configure local user accounts to allow granular administration of Cisco devices. In this way, you can create a separate account for each user, each with its own password.
     In this lab, you will learn how to configure local user accounts. You will also learn how to configure the console port and VTY port to require local user account authentication.","Command
      Description
     
    
    
     
      configure terminal
      enters global configuration mode from privileged EXEC mode
     
     
      enable
      enters privileged EXEC mode
     
     
      end
      ends and exits configuration mode
     
     
      exit
      exits one level in the menu structure
     
     
      line console 0
      enters console line configuration mode
     
     
      line vty start-line end-line
      enters configuration mode for the specified virtual terminal lines
     
     
      login local
      enables local user account authentication
     
     
      show running-config
      displays the active configuration file
     
     
      telnet ip-address
      starts the terminal emulation program that allows you to access network devices remotely
     
     
      username name password password
      creates a local user name and password pair
     
     
      username name secret password
      creates a local user name and encrypted password pair
The IP addresses and subnet masks that will be used in this lab are shown in the following tables:","Task 1: Configure Local User Accounts | Task 2: Configure the Console Port and VTY Lines"
"Secure the Console and VTY Ports","The enable password and the enable secret password protect access to privileged EXEC mode but do not protect access to user EXEC mode. To protect access to user EXEC mode, you need to configure password protection for the console port and virtual terminal (VTY) lines. The console port is used for local administration of Cisco devices, and VTY lines are used for remote administration of Cisco devices. In this lab, you will learn how to configure console port and VTY line passwords.","Command
      Description
     
    
    
     
      configure terminal
      enters global configuration mode from privileged EXEC mode
     
     
      enable
      enters privileged EXEC mode
     
     
      end
      ends and exits configuration mode
     
     
      exit
      exits one level in the menu structure
     
     
      line console 0
      enters console line configuration mode
     
     
      line vty start-line end-line
      enters configuration mode for the specified VTY lines
     
     
      login
      enables password authentication
     
     
      password password
      specifies the console or VTY password
     
     
      show running-config
      displays the active configuration file
     
     
      telnet ip-address
      starts the terminal emulation program that allows you to access network devices remotely
The Internet Protocol (IP) addresses and subnet masks that will be used in this lab are shown in the following tables:","Task 1: Configure Password Protection for the Console Port | Task 2: Configure Password Protection for the VTY Lines"
"Encrypt Passwords on a Cisco Device","Most passwords that are configured on Cisco devices are not encrypted by default. Because the passwords are stored in an unencrypted state, anyone who can access the configuration files will have access to the stored passwords. However, you can issue the service password-encryption command to encrypt existing enable, console, or virtual terminal (VTY) passwords. In addition, future passwords will also be automatically encrypted. In this lab, you will learn how to use the service password-encryption command to encrypt passwords on a Cisco device.","Command
      Description
     
    
    
     
      configure terminal
      enters global configuration mode from privileged EXEC mode
     
     
      enable
      enters privileged EXEC mode
     
     
      enable password password
      sets the enable password
     
     
      enable secret password
      sets the enable secret password
     
     
      exit
      exits one level in the menu structure
     
     
      no enable password
      removes the enable password
     
     
      no service password-encryption
      removes password encryption for future passwords configured on the device
     
     
      service password-encryption
      encrypts all current and future passwords configured on the device
     
     
      show running-config
      displays the active configuration file
     
     
      username name password password
      creates a local user name and password pair
     
     
      username name secret password
      creates a local user name and encrypted password pair
The IP addresses and subnet masks that will be used in this lab are shown in the following tables:","Task 1: Configure Password Encryption | Task 2: Verify Password Encryption | Task 3: Remove Password Encryption"
"Explore Password Complexity","Passwords can be vulnerable to hacking, especially if those passwords are short, are reused in multiple locations, and use obvious words or personal information. Complex passwords ensure that passwords remain secure because they are difficult to crack.
     To increase password security, Cisco recommends that users change passwords frequently. Cisco also recommends a minimum password length of 10 characters, containing a combination of uppercase letters, lowercase letters, numbers, and special characters. In this lab, you will learn how to recognize vulnerable passwords as well as how to improve password security. For training purposes, all passwords in this lab will remain unencrypted.","Command
      Description
     
    
    
     
      configure terminal
      enters global configuration mode from privileged EXEC mode
     
     
      enable
      enters privileged EXEC mode
     
     
      enable password password
      sets the enable password
     
     
      exit
      exits one level in the menu structure
     
     
      no enable password
      removes the enable password
     
     
      show running-config
      displays the active configuration file
     
     
      username name password password
      creates a local user name and password pair
The IP addresses and subnet masks that will be used in this lab are shown in the following tables:","Task 1: Recognize Vulnerable Passwords | Task 2: Improve Password Security"
"Explore and Configure Standard Numbered ACLs","Learn to configure standard access control lists (ACLs). Configure the appropriate settings on Router1, Router2, and Router4.","Command
      Description
     
    
    
     
      access-list access-list-number {deny | permit} source-address source-wildcard
      creates an ACL that denies or permits Internet Protocol (IP) traffic from the specified address or address range
     
     
      configure terminal
      enters global configuration mode from privileged EXEC mode
     
     
      enable
      enters privileged EXEC mode
     
     
      end
      ends and exits configuration mode
     
     
      exit
      exits one level in the menu structure
     
     
      interface type number
      changes from global configuration mode to interface configuration mode
     
     
      ip access-group {access-list-number | access-list-name} {in | out}
      controls access to an interface
     
     
      ping ip-address
      sends an Internet Control Message Protocol (ICMP) Echo Request to the specified address
     
     
      show access-lists [access-list-number | access-list-name]
      displays the contents of current ACLs
     
     
      show ip interface [type number]
      displays IP information for an interface
     
     
      show running-config
      displays the active configuration file
The IP addresses and subnet masks used in this lab are shown in the table below:","Task 1: Configure Standard ACLs | Task 2: Edit Standard ACLs | Task 3: Verify ACLs"
"Explore and Configure Extended Numbered ACLs","Learn to configure extended access control lists (ACLs). Verify the ACLs by using show commands and network connectivity tests. Configure the appropriate settings on Router1, Router2, and Router4.","Command
      Description
     
    
    
     
      access-list access-list-number {deny | permit} protocol source source-wildcard [operator [port]] destination destination-wildcard [operator [port]] [log]
      defines an extended IP access control list (ACL) for the traffic type specified by the protocol parameter
     
     
      configure terminal
      enters global configuration mode from privileged EXEC mode
     
     
      disconnect {ip-address | console}
      closes an active console port or Telnet session
     
     
      enable
      enters privileged EXEC mode
     
     
      end
      ends and exits configuration mode
     
     
      exit
      exits one level in the menu structure
     
     
      interface type number
      changes from global configuration mode to interface configuration mode
     
     
      ip access-group {access-list-number | access-list-name} {in | out}
      controls access to an interface
     
     
      line vty 0 4
      enters configuration mode for virtual terminal (Telnet) lines
     
     
      login
      enables password checking
     
     
      network network-address
      activates the specified routing protocol on the specified network
     
     
      no shutdown
      enables an interface
     
     
      password password
      specifies the password that is required for a user to log in
     
     
      ping ip-address
      sends an Internet Control Message Protocol (ICMP) Echo Request to the specified address
     
     
      show access-lists [access-list-number | access-list-name]
      displays the contents of current ACLs
     
     
      show ip interface
      displays Internet Protocol (IP) information for an interface
     
     
      show running-config
      displays the active configuration file
     
     
      telnet ip-address
      starts the terminal emulation program from a PC, router, or switch; permits you to access devices remotely over the network
The IP addresses and subnet masks used in this lab are shown in the table below:","Task 1: Configure Extended ACLs | Task 2: Verify Extended ACLs"
"Explore and Configured Numbered IP ACLs","Build standard and extended Internet Protocol (IP) access control lists (ACLs) to filter inbound traffic on Router1’s Serial 0/0 interface.","Command
      Description
     
    
    
     
      access-list access-list-number {deny | permit} source-address source-wildcard
      creates an access list that denies or permits IP traffic from the specified address or address range
     
     
      access-list access-list-number {deny | permit} protocol source source-wildcard [operator [port]] destination destination-wildcard [operator [port]]
      defines an extended IP ACL for the traffic type specified by the protocol parameter
     
     
      configure terminal
      enters global configuration mode from privileged EXEC mode
     
     
      enable
      enters privileged EXEC mode
     
     
      end
      ends and exits configuration mode
     
     
      exit
      exits one level in the menu structure
     
     
      interface type number
      changes from global configuration mode to interface configuration mode
     
     
      ip access-group {access-list-number | access-list-name} {in | out}
      controls access to an interface
     
     
      ping ip-address
      sends an Internet Control Message Protocol (ICMP) Echo Request to the specified address
     
     
      show running-config
      displays the active configuration file
     
     
      telnet ip-address
      starts the terminal emulation program from a PC, router, or switch that permits you to access devices remotely over the network
Lab Tasks
    
    
     Task 1: Configure Numbered IP ACLs
    
    
     Passwords in this lab have been configured as cisco.
    
    
     
      
       Ensure that you can ping Router2’s FastEthernet 0/0 interface (160.10.1.2) from both Router3 and Router4. If you cannot ping successfully, what troubleshooting methods could you use to help you solve the problem?
      
     
     
      
       On Router1, build a standard IP access list, numbered 1, that permits traffic from subnet 175.10.1.0 but blocks traffic from all other devices. Apply this access list to Router1’s Serial 0/0 interface for inbound traffic. Is a deny any statement required in the access list?
       What type of mask should you use in the access list?
       What are the number ranges for a standard IP access list?
      
     
     
      
       Test access list 1 by pinging from Router3 and Router4 to Router2 (160.10.1.2). What is the result of the pings?
      
     
     
      
       On Router1, build an extended IP access list, numbered 100, that will deny Telnet traffic from Router4 (180.10.1.2), deny ICMP traffic from Router3 (175.10.1.2), and allow all other traffic. Apply the new, extended access list to Router1’s Serial 0/0 interface. What are two ways you can specify a host address in an extended IP access list?
       What are the number ranges for extended IP access lists?
      
     
     
      
       Test access list 100 by pinging and telnetting from Router3 and Router4 to Router2’s FastEthernet 0/0 interface (160.10.1.2). What are the results of the ping and telnet attempts?
Once you have completed this lab, be sure to check your work by using the grading function. You can do so by clickingGradefrom the menu bar.
Lab Solutions
    
    
     Task 1: Configure Numbered IP ACLs
    
    
     Passwords in this lab have been configured as cisco.
    
    
     
      
       Pings from Router3 and Router4 to Router2's FastEthernet 0/0 interface (160.10.1.2) should succeed. If you cannot successfully ping Router2, ensure that IP addresses have been assigned, that all interfaces are up, and that a dynamic routing protocol, such as Routing Information Protocol (RIP), Interior Gateway Routing Protocol (IGRP), Enhanced Interior Gateway Routing Protocol (EIGRP), or Open Shortest Path First (OSPF), is running on all routers. 
       
        Router3>enable
        Password: cisco
        Router3#ping 160.10.1.2
        Router4>enable
        Password: cisco
        Router4#ping 160.10.1.2
       
      
     
     
      
       On Router1, issue the following commands to configure standard ACL 1:
       
        Password: cisco
        Router1>enable
        Password: cisco
        Router1#configure terminal
        Router1(config)#access-list 1 permit 175.10.1.0 0.0.0.255
        Router1(config)#interface serial 0/0
        Router1(config-if)#ip access-group 1 in
       
       A deny any statement is not required in the access list. An implicit deny rule appears at the end of every access list. The mask 0.0.0.255 in the access list is a wildcard, or reverse, mask; any device whose source address starts with 175.10.1 in the first three octets is permitted. Standard IP access lists are in the range from 1 through 99 or from 1300 through 1999; other numbers cannot be assigned to a standard IP access list.
       To calculate a wildcard mask, you should subtract each octet in the subnet from 255. For example:
       
         255.255.255.255
        -255.255.255.0    < subnet
        =  0.  0.  0.255  < wildcard mask
       
      
     
     
      
       The ping from Router3 (in subnet 175.10.1.0) to Router2 (160.10.1.2) should succeed, whereas the ping from Router4 (in subnet 180.10.1.0) should fail. 
       
        Router3#ping 160.10.1.2
        Router4#ping 160.10.1.2
       
      
     
     
      
       On Router1, issue the following commands to configure extended ACL 100:
       
        Router1(config)#access-list 100 deny tcp host 180.10.1.2 any eq telnet
        Router1(config)#access-list 100 deny icmp host 175.10.1.2 any
        Router1(config)#access-list 100 permit ip any any
        Router1(config)#interface serial 0/0
        Router1(config-if)#ip access-group 100 in
       
       You can specify host 172.16.1.1 or 172.16.1.1 0.0.0.0 as a host address in an extended IP access list. The number range for extended IP access lists is from 100 through 199 or from 2000 through 2699.
      
     
     
      
       Router3 (175.10.1.2) should be able to telnet to Router2 but not ping it. Router4 (180.10.1.2) should be able to ping Router2 but not telnet to it.
       
        Router3#ping 160.10.1.2 (fails)
        Router3#telnet 160.10.1.2
        Trying 160.10.1.2 ... Open
        User Access Verification
        Password:cisco
        Router2>exit
        [Connection to 160.10.1.2 closed by foreign host]
        Router3#
        Router4#ping 160.10.1.2 (succeeds) 
        Router4#telnet 160.10.1.2
        Trying 160.10.1.2 ...
Sample Configuration Script
    
    
     
      
       Router1
       Router1 (continued)
      
     
     
      
       
        
         Router1#show running-config 
         Building configuration...
         Current configuration : 1369 bytes
         !
         Version 15.b
         service timestamps debug uptime
         service timestamps log uptime
         no service password-encryption
         !
         hostname Router1
         enable secret 5 $1$lYSY$Ai2eZ8KpUCL9ptJCN1c41w
         enable password boson
         !
         ip subnet-zero!ip cefno ip domain-lookup
         ip host Router2 160.10.1.2
         !
         interface Loopback0
          ip address 160.10.2.1 255.255.255.0
          no ip directed broadcast
         !
         interface Serial0/0
          description Serial Link to Router3
          ip address 175.10.1.1 255.255.255.0
          no ip directed-broadcast
          clock rate 64000
          bandwidth 64
          ip access-group 100 in
         !
         interface Serial0/1
          no ip address
          no ip directed-broadcast
          shutdown
         !
        
       
       
        
         interface FastEthernet0/0
          ip address 160.10.1.1 255.255.255.0
          no ip directed-broadcast
         !
         interface FastEthernet0/1
          no ip address
          no ip directed-broadcast
          shutdown
         !
         router eigrp 100
          network 160.10.0.0
          network 175.10.0.0 auto-summary
         !
         ip classless
         no ip http server
         !
         access-list 1 permit 175.10.1.0 0.0.0.255
         access-list 100 deny tcp host 180.10.1.2 any eq telnet
         access-list 100 deny icmp host 175.10.1.2 any
         access-list 100 permit ip any any!
         cdp holdtime 20
         cdp timer 50
         !
         banner motd ^C
         Unauthorized Access Prohibited^C
         line con 0
          login
          password cisco
         line aux 0
         line vty 0 4
          login
         !
         no scheduler allocate
         end
Copyright © 1996 - 2023 Boson Software, LLC. All rights reserved. NetSim software and documentation are protected by copyright law.","Task 1: Configure Numbered IP ACLs"
"Configure Standard Named ACLs","There are three basic types of Internet Protocol (IP) access control lists (ACLs): standard ACLs, extended ACLs, and named ACLs. Named ACLs can be either standard ACLs or extended ACLs. They are identified by a string of characters and the keyword standard or the keyword extended. In this lab, you will learn how to configure and verify named standard ACLs. You will verify your configuration using ping and Telnet.","Command
      Description
     
    
    
     
      access-class {access-list-number | access-list-name} {in | out}
      restricts incoming and outgoing connections between a particular virtual terminal (VTY) and the addresses in an access list
     
     
      configure terminal
      enters global configuration mode from privileged EXEC mode
     
     
      [sequence-number] [deny | permit] [host ip-address | source source-wildcard | any] [log | log-input]
      specifies conditions under which a packet cannot pass the access list
     
     
      deny any
      denies any packets not explicitly permitted by an ACL
     
     
      enable
      enters privileged EXEC mode
     
     
      end
      ends and exits configuration mode
     
     
      exit
      exits one level in the menu structure
     
     
      ip access-list {standard | extended} access-list-name
      defines an IP access list by name
     
     
      line vty 0 4
      enters configuration mode for the specified VTY lines
     
     
      permit host source-ip
      sets conditions for a named IP access list
     
     
      [sequence-number] permit {protocol} {any | source source-wildcard} {any | destination destination-wildcard} [operator [port]] [log]
      sets condition to allow packets for a specific protocol to pass a named access list
     
     
      ping ip-address
      sends an Internet Control Message Protocol (ICMP) Echo Request to the specified address
     
     
      show access-lists [access-list-number | access-list-name]
      displays the contents of current ACLs
     
     
      show running-config
      displays the active configuration file
     
     
      telnet ip-address
      starts the terminal emulation program from a PC, router, or switch; permits you to access devices remotely over the network
The IP addresses and subnet masks used in this lab are shown in the tables below:","Task 1: Configure a Named Standard ACL for Router1 | Task 2: Configure Named Standard ACLs on Switch1 and Switch2"
"Configure Extended Named ACLs","There are three basic types of Internet Protocol (IP) access control lists (ACLs): standard ACLs, extended ACLs, and named ACLs. Named ACLs can be either standard ACLs or extended ACLs. They are identified by a string of characters and the keyword standard or the keyword extended. In this lab, you will learn to configure extended named ACLs. Configure the appropriate settings on Router1, Router4, and PC1.","Command
      Description
     
    
    
     
      configure terminal
      enters global configuration mode from privileged EXEC mode
     
     
      enable
      enters privileged EXEC mode
     
     
      end
      ends and exits configuration mode
     
     
      exit
      exits one level in the menu structure
     
     
      interface type number
      changes from global configuration mode to interface configuration mode
     
     
      ip access-group {access-list-number | access-list-name} {in | out}
      controls access to an interface
     
     
      ip access-list {standard | extended} access-list-name
      defines an IP access list by name
     
     
      [sequence-number] permit {protocol} {any | source source-wildcard} {any | destination destination-wildcard} [operator [port]] [log]
      sets condition to allow packets for a specific protocol to pass a named access list
     
     
      {permit | deny} protocol {any | host source | source source-wildcard} {any | host destination | destination destination-wildcard} [log]
      defines an extended IP ACL
     
     
      ping ip-address
      sends an Internet Control Message Protocol (ICMP) Echo Request to the specified address
     
     
      show running-config
      displays the active configuration file
The IP addresses and subnet masks used in this lab are shown in the tables below:","Task 1: Configure a Named ACL | Task 2: Verify Named ACLs"
"Explore and Configure Port Security","By default, every network interface on a Cisco switch is an active port. Before you deploy a switch on a network, you should take steps to ensure that every trunk port and access port on the switch is secured and that every unused port on the switch is disabled. To protect switch interfaces against Media Access Control (MAC) flooding attacks, you should enable port security on all access mode interfaces on the switch. In this lab, you will learn how to configure and troubleshoot port security on a switch.","Command
      Description
     
    
    
     
      configure terminal
      enters global configuration mode from privileged EXEC mode
     
     
      enable
      enters privileged EXEC mode
     
     
      end
      ends and exits configuration mode
     
     
      exit
      exits one level in the menu structure
     
     
      interface type number
      changes from global configuration mode to interface configuration mode
     
     
      interface range type/number - number
      changes from global configuration mode to interface range configuration mode
     
     
      ipconfig /all
      is used in NetSim to display the Internet Protocol (IP) addresses and MAC address on a workstation
     
     
      show ip interface brief
      displays a summary of interface states on a device
     
     
      show port-security [interface type number]
      displays port-security settings for an interface or for the switch
     
     
      show running-config
      displays the active configuration file
     
     
      show running-config interface type number
      displays the specified interface’s active configuration file
     
     
      shutdown; no shutdown
      disables an interface; enables an interface
     
     
      switchport mode {access | dynamic {auto | desirable} | trunk}
      configures the virtual local area network (VLAN) membership mode of a port
     
     
      switchport port-security
      enables port security on an interface
     
     
      switchport port-security mac-address mac-address
      specifies a secure MAC address for a port
     
     
      switchport port-security maximum value
      sets the maximum number of secure MAC addresses for an interface
     
     
      switchport port-security violation {protect | restrict | shutdown}
      sets the security violation mode or the action to be taken if port security is violated
The IP addresses and subnet masks used in this lab are shown in the tables below:","Task 1: Examine Switch1 Port Security | Task 2: Configure Port Security"
"Explore AAA","Access controls use varying methods of Authentication, Authorization, and Accounting (AAA) to verify the identity of a user, prevent unauthorized access to sensitive data, and record user activity on a system. External AAA servers, such as a Remote Authentication Dial-In User Service (RADIUS) server or a Terminal Access Controller Access-Control System Plus (TACACS+) server, remove the burden of authentication from local devices by centralizing identity-based authentication for an entire network regardless of the network location of the device that is requesting the network service or the device that is hosting the service. In this lab, you will explore AAA on Cisco devices. You do not need to configure AAA in this lab.","Command
      Description
     
    
    
     
      aaa authentication ppp authentication-list tacacs local
      configures TACACS authentication to be used first; if it errors out, then the local user database is used for authentication
     
     
      aaa new-model
      enables the AAA model
     
     
      clock rate clock-rate
      sets the clock rate for a Data Communications Equipment (DCE) interface
     
     
      configure terminal
      enters global configuration mode from privileged EXEC mode
     
     
      enable
      enters privileged EXEC mode
     
     
      encapsulation ppp
      enables Point-to-Point Protocol (PPP) encapsulation
     
     
      end
      ends and exits configuration mode
     
     
      exit
      exits one level in the menu structure
     
     
      interface type number
      changes from global configuration mode to interface configuration mode
     
     
      ip address ip-address subnet-mask
      assigns an Internet Protocol (IP) address to an interface
     
     
      network network-address
      activates the specified routing protocol on the specified network
     
     
      ppp authentication pap [authentication-list]
      enables Password Authentication Protocol (PAP) authentication
     
     
      ppp pap sent-username user-name password password
      determines which user name and password combination PAP sends as part of its authentication process
     
     
      router rip
      enables Routing Information Protocol (RIP) routing
     
     
      show ip interface brief
      displays a brief summary of interface status and configuration
     
     
      show running-config
      displays the active configuration file
     
     
      shutdown; no shutdown
      disables an interface; enables an interface
     
     
      tacacs-server host ip-address
      identifies the TACACS+ server
     
     
      tacacs-server key shared-key
      identifies the password required to use the TACACS+ server for AAA
     
     
      tacacs-server timeout seconds
      sets the response timeout value in seconds
     
     
      username name password password
      creates a local user name and password pair
     
     
      version 2
      enables RIP version 2 (RIPv2)
The IP addresses and subnet masks used in this lab are shown in the table below:","Task 1: Explore AAA"
"Implement Passwords","Devices on a network should be protected with passwords to prevent unauthorized individuals from accessing and modifying those devices. Passwords that can be used to protect privileged EXEC mode on Cisco devices are the enable password and the encrypted enable secret password. However, the enable password and the enable secret password do not protect access to user EXEC mode. To protect access to user EXEC mode, you need to configure password protection for the console port and virtual terminal (VTY) lines. The console port is used for local administration of Cisco devices, and VTY lines are used for remote administration of Cisco devices. In this lab, you will configure an enable password, an enable secret password, and passwords to protect user EXEC mode on Cisco devices.","Command
      Description
     
    
    
     
      configure terminal
      enters global configuration mode from privileged EXEC mode
     
     
      disable
      returns to user EXEC mode
     
     
      enable
      enters privileged EXEC mode
     
     
      enable password password
      sets the enable password
     
     
      enable secret password
      sets the enable secret password
     
     
      end
      ends and exits configuration mode
     
     
      exit
      exits one level in the menu structure
     
     
      line console 0
      enters console line configuration mode
     
     
      line vty start-line end-line
      enters configuration mode for the specified VTY lines
     
     
      login
      enables password authentication
     
     
      password password
      specifies the console or VTY password
     
     
      service password-encryption
      encrypts all current and future passwords on the device
     
     
      show running-config
      displays the active configuration file
     
     
      show running-config | section [include | exclude] regular-expression
      filters the output of the show running-config command to match a given expression as well as any lines associated with that expression
     
     
      telnet ip-address
      starts the terminal emulation program that allows you to access network devices remotely
The IP addresses and subnet masks used in this lab are shown in the tables below:","Task 1: Secure Privileged EXEC Mode | Task 2: Secure User EXEC Mode | Task 3: Encrypt All Passwords"
"Implement Local User Accounts","The enable password, enable secret password, console port password, and virtual terminal (VTY) line password are shared passwords. If multiple people want to be able to log into a Cisco device, they must all share these passwords. However, you can configure local user accounts to allow granular administration of Cisco devices. In this way, you can create a separate account for each user, each with its own password.
In this lab, you will configure local user accounts. You will configure the console port and VTY port to require local user account authentication.","Command
      Description
     
    
    
     
      configure terminal
      enters global configuration mode from privileged EXEC mode
     
     
      enable
      enters privileged EXEC mode
     
     
      end
      ends and exits configuration mode
     
     
      exit
      exits one level in the menu structure
     
     
      line console 0
      enters console line configuration mode
     
     
      line vty start-line end-line
      enters configuration mode for the specified virtual terminal lines
     
     
      login local
      enables local user account authentication
     
     
      show running-config
      displays the active configuration file
     
     
      telnet ip-address
      starts the terminal emulation program that allows you to access network devices remotely
     
     
      username name password password
      creates a local user name and password pair
     
     
      username name secret password
      creates a local user name and encrypted password pair
The IP addresses and subnet masks that will be used in this lab are shown in the following tables:","Task 1: Configure Local User Accounts on Router1 | Task 2: Configure Local User Accounts on Switch1 and Switch2"
"Implement Standard ACLs","There are three basic types of Internet Protocol (IP) access control lists (ACLs): standard ACLs, extended ACLs, and named ACLs. Named ACLs can be either standard ACLs or extended ACLs. They are identified by a string of characters and the keyword standard or the keyword extended. In this lab, you will configure and verify both named and numbered standard ACLs. You will verify your configuration by using Ping and Telnet.","Command
      Description
     
    
    
     
      access-class {access-list-number | access-list-name} {in | out}
      restricts incoming and outgoing connections between a particular virtual terminal (VTY) and the addresses in an access list
     
     
      access-list access-list-number {deny | permit} source-address source-wildcard
      creates an ACL that denies or permits IP traffic from the specified address or address range
     
     
      configure terminal
      enters global configuration mode from privileged EXEC mode
     
     
      [sequence-number] [deny | permit] [host ip-address | source source-wildcard | any] [log | log-input]
      specifies conditions under which a packet cannot pass the access list
     
     
      deny any
      denies any packets not explicitly permitted by an ACL
     
     
      enable
      enters privileged EXEC mode
     
     
      end
      ends and exits configuration mode
     
     
      exit
      exits one level in the menu structure
     
     
      interface type number
      changes from global configuration mode to interface configuration mode
     
     
      ip access-group {access-list-number | access-list-name} {in | out}
      controls access to an interface
     
     
      ip access-list {standard | extended} access-list-number | access-list-name
      defines an IP access list by name
     
     
      ping ip-address
      sends an Internet Control Message Protocol (ICMP) Echo Request to the specified address
     
     
      show access-lists [access-list-number | access-list-name]
      displays the contents of current ACLs
     
     
      show ip interface [type number]
      displays IP information for an interface
     
     
      show running-config
      displays the active configuration file
The IP addresses and subnet masks used in this lab are shown in the table below:","Task 1: Configure Standard Numbered ACLs | Task 2: Configure and Edit Standard Named ACLs"
"Implement Extended ACLs","There are three basic types of Internet Protocol (IP) access control lists (ACLs): standard ACLs, extended ACLs, and named ACLs. Named ACLs can be either standard ACLs or extended ACLs. They are identified by a string of characters and the keyword standard or the keyword extended. In this lab, you will configure and verify both named and numbered extended ACLs. You will verify your configuration by using Ping and Telnet.","Command
      Description
     
    
    
     
      access-class {access-list-number | access-list-name} {in | out}
      restricts incoming and outgoing connections between a particular virtual terminal (VTY) and the addresses in an access list
     
     
      access-list access-list-number {deny | permit} source-address source-wildcard
      creates an ACL that denies or permits IP traffic from the specified address or address range
     
     
      configure terminal
      enters global configuration mode from privileged EXEC mode
     
     
      [sequence-number] [deny | permit] [host ip-address | source source-wildcard | any] [log | log-input]
      specifies conditions under which a packet cannot pass the access list
     
     
      deny any
      denies any packets not explicitly permitted by an ACL
     
     
      enable
      enters privileged EXEC mode
     
     
      end
      ends and exits configuration mode
     
     
      exit
      exits one level in the menu structure
     
     
      interface type number
      changes from global configuration mode to interface configuration mode
     
     
      ip access-group {access-list-number | access-list-name} {in | out}
      controls access to an interface
     
     
      ip access-list {standard | extended} access-list-number | access-list-name
      defines an IP access list by name
     
     
      ping ip-address
      sends an Internet Control Message Protocol (ICMP) Echo Request to the specified address
     
     
      show access-lists [access-list-number | access-list-name]
      displays the contents of current ACLs
     
     
      show ip interface [type number]
      displays IP information for an interface
     
     
      show running-config
      displays the active configuration file
The IP addresses and subnet masks used in this lab are shown in the table below:","Task 1: Configure Extended Numbered ACLs | Task 2: Configure and Edit Extended Named ACLs | Task 2: Configure and Edit Extended Named ACLs."
"Implement Port Security","By default, every network interface on a Cisco switch is an active port. Before you deploy a switch on a network, you should take steps to ensure that every trunk port and access port on the switch is secured and that every unused port on the switch is disabled. To protect switch interfaces against Media Access Control (MAC) flooding attacks, you should enable port security on all access mode interfaces on the switch. In this lab, you will configure port security on Switch1 and Switch2.","Command
      Description
     
    
    
     
      configure terminal
      enters global configuration mode from privileged EXEC mode
     
     
      copy running-config startup-config
      saves the configuration file
     
     
      enable
      enters privileged EXEC mode
     
     
      end
      ends and exits configuration mode
     
     
      exit
      exits one level in the menu structure
     
     
      interface type number
      changes from global configuration mode to interface configuration mode
     
     
      interface range type/number - number
      changes from global configuration mode to interface range configuration mode
     
     
      ipconfig /all
      is used in NetSim to display the Internet Protocol (IP) addresses and MAC address on a workstation
     
     
      show interfaces type number
      displays information about interfaces
     
     
      show interfaces trunk
      displays interface trunk information
     
     
      show ip interface brief
      displays a summary of interface states on a device
     
     
      show port-security [interface type number]
      displays port-security settings for an interface or for the switch
     
     
      show running-config
      displays the active configuration file
     
     
      show running-config interface type number
      displays the specified interface’s active configuration file
     
     
      show vlan brief
      displays parameters for all virtual local area networks (VLANs); contains the VLAN’s name, status, and ports assigned to it
     
     
      shutdown; no shutdown
      disables an interface; enables an interface
     
     
      switchport mode {access | dynamic {auto | desirable} | trunk}
      configures the VLAN membership mode of a port
     
     
      switchport port-security
      enables port security on an interface
     
     
      switchport port-security mac-address mac-address
      specifies a secure MAC address for a port
     
     
      switchport port-security maximum value
      sets the maximum number of secure MAC addresses for an interface
     
     
      switchport port-security violation {protect | restrict | shutdown}
      sets the security violation mode or the action to be taken if port security is violated
The IP addresses and subnet masks used in this lab are shown in the tables below:","Task 1: Disable Unused Ports on Switch1 and Switch2 | Task 2: Configure Port Security"
"Troubleshoot Port Security","Learn how to configure and troubleshoot port security on a switch.","Command
      Description
     
    
    
     
      configure terminal
      enters global configuration mode from privileged EXEC mode
     
     
      enable
      enters privileged EXEC mode
     
     
      end
      ends and exits configuration mode
     
     
      exit
      exits one level in the menu structure
     
     
      interface type number
      changes from global configuration mode to interface configuration mode
     
     
      ipconfig /all
      is used in NetSim to display the Internet Protocol (IP) addresses and Media Access Control (MAC) address on a workstation
     
     
      ping ip-address
      sends an Internet Control Message Protocol (ICMP) Echo Request to the specified address
     
     
      show interfaces [type number]
      displays statistics for interfaces on a device
     
     
      show port-security [interface type number]
      displays port-security settings for an interface or for the switch
     
     
      show running-config
      displays the active configuration file
     
     
      show running-config interface type number
      displays the specified interface’s active configuration file
     
     
      shutdown; no shutdown
      disables an interface; enables an interface
     
     
      switchport port-security
      enables port security on an interface
     
     
      switchport port-security mac-address mac-address
      specifies a secure MAC address for a port
The IP addresses and subnet masks used in this lab are shown in the tables below:","Task 1: Verify the Port Security Configuration | Task 2: Correct the Port Security Configuration"
"Troubleshoot ACLs","Identify configuration issues, and use access control lists (ACLs) to fix problems throughout the example.com network. Ensure that all virtual local area networks (VLANs) with networks on Switch2 can ping all devices on the network by Internet Protocol (IP) address, by host name, and by fully qualified domain name (FQDN).","Command
      Description
     
    
    
     
      configure terminal
      enters global configuration mode from privileged EXEC mode
     
     
      enable
      enters privileged EXEC mode
     
     
      end
      ends and exits configuration mode
     
     
      exit
      exits one level in the menu structure
     
     
      ip access-list {standard | extended} name
      creates a named access list and places the router into ACL configuration mode
     
     
      [sequence-number] {permit | deny} protocol source source-wildcard [operator port] destination destination-wildcard [operator port] [log]
      defines a sequential extended IP ACL statement
     
     
      ping {ip-address | host-name}
      sends an Internet Control Message Protocol (ICMP) Echo Request to the specified address
     
     
      show access-lists [number | name]
      displays the contents of current ACLs
     
     
      show ip interface [type number]
      displays IP information for an interface
     
     
      show ip interface brief
      displays a brief summary of interface status and configuration
     
     
      show running-config
      displays the active configuration file
     
     
      show vlan
      displays VLAN information
The IP addresses and subnet masks used in this lab are shown in the tables below:","Task 1: Examine the Network, and Verify the Problem | Task 2: Repair the ACL Configuration | Task 3: Verify the ACL Configuration"
"Troubleshooting ACLs 1: Extended ACLs","Practice troubleshooting access control lists (ACLs) on Cisco routers. Verify the ACLs by using show commands and network connectivity tests.","Command
      Description
     
    
    
     
      [no] access-list access-list-number {deny | permit} protocol source source-wildcard [operator [port]] destination destination-wildcard [operator [port]]
      creates an Internet Protocol (IP) extended ACL; the no form removes the ACL
     
     
      configure terminal
      enters global configuration mode from privileged EXEC mode
     
     
      enable
      enters privileged EXEC mode
     
     
      end
      ends and exits configuration mode
     
     
      exit
      exits one level in the menu structure
     
     
      ping ip-address
      sends an Internet Control Message Protocol (ICMP) Echo request to the specified address
     
     
      show access-lists [access-list-number | access-list-name]
      displays the contents of current ACLs
     
     
      show ip interface [type number]
      displays IP information for an interface
     
     
      show running-config
      displays the active configuration file
     
     
      telnet ip-address
      starts the terminal emulation program from a PC, router, or switch; permits you to access devices remotely over the network
The IP addresses and subnet masks used in this lab are shown in the tables below:","Task 1: Practice Troubleshooting ACLs"
"Troubleshooting ACLs 2: Standard ACLs","Practice troubleshooting access control lists (ACLs) on Cisco routers. Verify the ACLs by using show commands and network connectivity tests.","Command
      Description
     
    
    
     
      [no] access-list access-list-number {deny | permit} source-address source-wildcard
      creates an ACL that denies or permits Internet Protocol (IP) traffic from the specified address or address range; the no form removes the ACL
     
     
      configure terminal
      enters global configuration mode from privileged EXEC mode
     
     
      enable
      enters privileged EXEC mode
     
     
      end
      ends and exits configuration mode
     
     
      exit
      exits one level in the menu structure
     
     
      interface type number
      changes from global configuration mode to interface configuration mode
     
     
      [no] ip access-group {access-list-number | access-list-name} {in | out}
      controls access to an interface; the no form removes the configuration
     
     
      ping ip-address
      sends an Internet Control Message Protocol (ICMP) Echo request to the specified address
     
     
      show access-lists [access-list-number | access-list-name]
      displays the contents of current ACLs
     
     
      show ip interface [type number]
      displays IP information for an interface
     
     
      show running-config
      displays the active configuration file
The IP addresses and subnet masks used in this lab are shown in the tables below:","Task 1: Practice Troubleshooting ACLs"
"Troubleshooting ACLs 3: Named ACLs","Practice troubleshooting access control lists (ACLs) on Cisco routers. Verify the ACLs by using show commands and network connectivity tests.","Command
      Description
     
    
    
     
      [no] [sequence-number] deny {protocol} {any | source source-wildcard} {any | destination destination-wildcard} [operator [port]] [log]
      sets condition to deny packets for a specific protocol to pass a named access list; the no form removes the condition
     
     
      [no] [sequence-number] permit {protocol} {any | source source-wildcard} {any | destination destination-wildcard} [operator [port]] [log]
      sets condition to allow packets for a specific protocol to pass a named access list; the no form removes the condition
     
     
      configure terminal
      enters global configuration mode from privileged EXEC mode
     
     
      enable
      enters privileged EXEC mode
     
     
      end
      ends and exits configuration mode
     
     
      exit
      exits one level in the menu structure
     
     
      ip access-list {standard | extended} access-list-name
      defines an Internet Protocol (IP) access list by name
     
     
      ping ip-address
      sends an Internet Control Message Protocol (ICMP) Echo request to the specified address
     
     
      show access-lists [access-list-number | access-list-name]
      displays the contents of current ACLs
     
     
      show ip interface
      displays IP information for an interface
     
     
      show running-config
      displays the active configuration file
     
     
      telnet ip-address
      starts the terminal emulation program from a PC, router, or switch; permits you to access devices remotely over the network
The IP addresses and subnet masks used in this lab are shown in the tables below:","Task 1: Troubleshoot ACLs"
"Boson CCNA Challenge Lab 5","In this lab, you will configure Cisco security features on routers and switches. Password, encrypted passwords, user accounts with specific privileges, access control lists (ACLs), and port security all play a role in securing network devices. Ideally, you should complete this lab only after you have completed other labs that cover this material.","Command
      Description
     
    
    
     
      access-class {access-list-number | access-list-name} {in | out}
      restricts incoming and outgoing connections between a particular virtual terminal (VTY) and the addresses in an access list
     
     
      access-list access-list-number {deny | permit} source-address source-wildcard
      creates an ACL that denies or permits Internet Protocol (IP) traffic from the specified address or address range
     
     
      configure terminal
      enters global configuration mode from privileged EXEC mode
     
     
      [sequence-number] [deny | permit] [host ip-address | source source-wildcard | any] [log | log-input]
      specifies conditions under which a packet cannot pass the access list
     
     
      deny any
      denies any packets not explicitly permitted by an ACL
     
     
      enable
      enters privileged EXEC mode
     
     
      enable password password
      sets the enable password
     
     
      enable secret password
      sets the enable secret password
     
     
      end
      ends and exits configuration mode
     
     
      exit
      exits one level in the menu structure
     
     
      interface type number
      changes from global configuration mode to interface configuration mode
     
     
      interface range type/number - number
      changes from global configuration mode to interface range configuration mode
     
     
      ip access-group {access-list-number | access-list-name} {in | out}
      controls access to an interface
     
     
      ip access-list {standard | extended} access-list-number | access-list-name
      defines an IP access list by name
     
     
      ipconfig /all
      is used in NetSim to display the IP addresses and Media Access Control (MAC) address on a workstation
     
     
      ip ospf process-id area area-id
      places an interface in a specified Open Shortest Path First (OSPF) process and area
     
     
      line console 0
      enters console line configuration mode
     
     
      line vty start-line end-line
      enters configuration mode for the specified virtual terminal lines
     
     
      login local
      enables local user account authentication
     
     
      permit any
      permits any packets not explicitly permitted by an ACL
     
     
      ping ip-address
      sends an Internet Control Message Protocol (ICMP) Echo Request to the specified address
     
     
      service password-encryption
      encrypts all current and future passwords on the device
     
     
      show interfaces trunk
      displays interface trunk information
     
     
      show ip interface brief
      displays a summary of interface states on a device
     
     
      show port-security [interface type number]
      displays port-security settings for an interface or for the switch
     
     
      show running-config
      displays the active configuration file
     
     
      show running-config interface interface type number
      filters the output of the show running-config command to display lines associated with the specified interface
     
     
      show running-config | section [include | exclude] regular-expression
      filters the output of the show running-config command to match a given expression as well as any lines associated with that expression
     
     
      show vlan
      displays the virtual local area network (VLAN) configuration on a switch
     
     
      switchport access vlan vlan-id
      assigns an access port to a VLAN
     
     
      switchport mode {access | dynamic {auto | desirable} | trunk}
      configures the VLAN membership mode of a port
     
     
      switchport port-security
      enables port security on an interface
     
     
      switchport port-security mac-address mac-address
      specifies a secure MAC address for a port
     
     
      telnet ip-address
      starts the terminal emulation program that allows you to access network devices remotely
     
     
      username name password password
      creates a local user name and password pair
     
     
      username name secret password
      creates a local user name and encrypted password pair
The IP version 4 (IPv4) addresses used in this lab are shown in the tables below.","Task 1: Configure Port Security | Task 2: Configure User Accounts and Encrypted Passwords | Task 3: Configure ACLs"
"Compare a Traditional Network to a Controller-Based Network","Networks can be divided into two types depending on where network decisions are made and how devices in the network are managed. In a traditional network, network flow decisions are made by multiple routers in a decentralized fashion. In a controller-based network, flow decisions are made by a central controller. In addition, the configuration and maintenance of devices can involve automation and can be performed from a central location and in a standardized way. In this lab, you will learn how to differentiate between a traditional network and a controller-based network.","","Task 1: Compare a Traditional Network to a Controller-Based Network"
"Explore HTTP Server Verbs","Hypertext Transfer Protocol (HTTP) verbs are also known as HTTP methods. They are specific actions that can be performed by an HTTP server upon request by an HTTP client. For example, when a browser requests a webpage from a web server, the client sends the server a specific verb request along with the directory path to the information on the server that the client wants to render. The Representational State Transfer (REST) Advanced Programming Interface (API) uses a number of HTTP verbs to enable clients to retrieve and manipulate information that is either stored on or can be retrieved by an HTTP server. In this lab, you will learn about the specific HTTP verbs that REST APIs use.","","Task 1: Explore HTTP Server Verbs"
"Submit and Explore Ansible, Chef, and Puppet Queries","Configuration management tools are used to automate the installation, configuration, and maintenance of multiple computer systems, including the software that runs on those systems. The use of such tools typically requires less administrative overhead than using Simple Network Management Protocol (SNMP) to manage the same systems. In this lab, you will learn the differences between three common configuration management mechanisms: Ansible, Chef, and Puppet.","","Task 1: Submit and Explore Ansible, Chef, and Puppet Queries"
"Obtain and Interpret JSON Output","JavaScript Object Notation (JSON) is a data encoding format that is commonly used by Representational State Transfer (REST) Application Programming Interfaces (APIs) as an alternative to Extensible Markup Language (XML). JSON returns data in the form of an object that contains key and value pairs. In this lab, you will learn how JSON output is obtained and how to interpret JSON output.","","Task 1: Obtain and Interpret JSON Output"